#,Italian,% of Total,#,Irish,,,,,,,,
1576, olive oil,39.40%,776,salt,58.74%,,,,,,,
1101, black pepper,27.53%,443, butter,33.54%,,,,,,,
717,grated parmesan cheese,17.93%,272, milk,20.59%,,,,,,,
637,garlic cloves,15.93%,264,potatoes,19.98%,,,,,,,
601,extra-virgin olive oil,15.03%,239,sugar,18.09%,,,,,,,
500,pepper,12.50%,239,baking soda,18.09%,,,,,,,
498,butter,12.45%,232,all-purpose flour,17.56%,,,,,,,
484,onion,12.10%,225,black pepper,17.03%,,,,,,,
395,fresh basil,9.88%,214,pepper,16.20%,,,,,,,
384,all-purpose flour,9.60%,207,onion,15.67%,,,,,,,
358,dried oregano,8.95%,189,flour,14.31%,,,,,,,
354,kosher salt,8.85%,180,buttermilk,13.63%,,,,,,,
319,eggs,7.98%,178,baking powder,13.47%,,,,,,,
293,unsalted butter,7.33%,171,water,12.94%,,,,,,,
287,dry white wine,7.18%,171,unsalted butter,12.94%,,,,,,,
276,coarse salt,6.90%,163,carrots,12.34%,,,,,,,
263,shredded mozzarella cheese,6.58%,132,eggs,9.99%,,,,,,,
246,ricotta cheese,6.15%,126,raisins,9.54%,,,,,,,
239,dried basil,5.98%,126,onions,9.54%,,,,,,,
232,extra virgin olive oil,5.80%,125,irish whiskey,9.46%,,,,,,,
222,diced tomatoes,5.55%,112,cabbage,8.48%,,,,,,,
209,heavy cream,5.23%,99,olive oil,7.49%,,,,,,,
207,tomatoes,5.18%,89,heavy cream,6.74%,,,,,,,
207,milk,5.18%,88, egg,6.66%,,,,,,,
202,parmesan,5.05%,83,fresh parsley,6.28%,,,,,,,
200,parmesan cheese,5.00%,82,vegetable oil,6.21%,,,,,,,
199,spinach,4.98%,80,bacon,6.06%,,,,,,,
197,tomato sauce,4.93%,77,garlic cloves,5.83%,,,,,,,
195,balsamic vinegar,4.88%,77,beer,5.83%,,,,,,,
197,mozzarella cheese,4.93%,76,carrot,5.75%,,,,,,,
233,red pepper flakes,5.83%,73,white sugar,5.53%,,,,,,,
271,fresh parsley,6.78%,70,stout,5.30%,,,,,,,
346,garlic,8.65%,70,corned beef,5.30%,,,,,,,
376,sugar,9.40%,,,,,,,,,,
451,water,11.28%,,,,,,,,,,
521,minced garlic,13.03%,,,,,,,,,,
1754, salt,43.85%,,,,,,,,,,
188,fresh basil leaves,4.70%,,,,,,,,,,
184,tomato paste,4.60%,,,,,,,,,,
182,fresh lemon juice,4.55%,,,,,,,,,,
181,pasta,4.53%,,,,,,,,,,
179,garlic clove,4.48%,,,,,,,,,,
179,basil leaves,4.48%,,,,,,,,,,
177,lasagna noodles,4.43%,,,,,,,,,,
177,freshly grated parmesan,4.43%,,,,,,,,,,
173,flat leaf parsley,4.33%,,,,,,,,,,
164,zucchini,4.10%,,,,,,,,,,
161,freshly ground pepper,4.03%,,,,,,,,,,
157,red onion,3.93%,,,,,,,,,,
154,white sugar,3.85%,,,,,,,,,,
153,italian seasoning,3.83%,,,,,,,,,,
151,capers,3.78%,,,,,,,,,,
148,spaghetti,3.70%,,,,,,,,,,
148,crushed tomatoes,3.70%,,,,,,,,,,
143,chicken broth,3.58%,,,,,,,,,,
141,plum tomatoes,3.53%,,,,,,,,,,
140,prosciutto,3.50%,,,,,,,,,,
140,cooking spray,3.50%,,,,,,,,,,
138,egg,3.45%,,,,,,,,,,
134,crushed red pepper,3.35%,,,,,,,,,,
130,vegetable oil,3.25%,,,,,,,,,,
129,garlic powder,3.23%,,,,,,,,,,
124,shrimp,3.10%,,,,,,,,,,
124,bread crumbs,3.10%,,,,,,,,,,
122,red bell pepper,3.05%,,,,,,,,,,
120,white wine,3.00%,,,,,,,,,,
120,fresh rosemary,3.00%,,,,,,,,,,
119,parmigiano-reggiano,2.98%,,,,,,,,,,
119,chopped garlic,2.98%,,,,,,,,,,
116,spaghetti sauce,2.90%,,,,,,,,,,
114,shallots,2.85%,,,,,,,,,,
113,onions,2.83%,,,,,,,,,,
113,marinara sauce,2.83%,,,,,,,,,,
112,finely chopped onion,2.80%,,,,,,,,,,
111,ground beef,2.78%,,,,,,,,,,
110,arborio rice,2.75%,,,,,,,,,,
108,carrots,2.70%,,,,,,,,,,
107,ground pepper,2.68%,,,,,,,,,,
107,fresh oregano,2.68%,,,,,,,,,,
105,vanilla extract,2.63%,,,,,,,,,,
104,sea salt,2.60%,,,,,,,,,,
104,active dry yeast,2.60%,,,,,,,,,,
102,sun-dried tomatoes,2.55%,,,,,,,,,,
102,carrot,2.55%,,,,,,,,,,
101,warm water,2.53%,,,,,,,,,,
101,pesto,2.53%,,,,,,,,,,
100,pine nuts,2.50%,,,,,,,,,,
100,lemon juice,2.50%,,,,,,,,,,
99, parsley,2.48%,,,,,,,,,,
98, red wine vinegar,2.45%,,,,,,,,,,
96, green bell pepper,2.40%,,,,,,,,,,
96, breadcrumbs,2.40%,,,,,,,,,,
95, lemon,2.38%,,,,,,,,,,
93, asparagus,2.33%,,,,,,,,,,
92, eggplant,2.30%,,,,,,,,,,
91, mascarpone cheese,2.28%,,,,,,,,,,
89, beaten eggs,2.23%,,,,,,,,,,
88, cheese,2.20%,,,,,,,,,,
86, sliced mushrooms,2.15%,,,,,,,,,,
86, pancetta,2.15%,,,,,,,,,,
84, celery,2.10%,,,,,,,,,,
83, cream cheese,2.08%,,,,,,,,,,
83, baby spinach,2.08%,,,,,,,,,,
82, linguine,2.05%,,,,,,,,,,
82, chicken stock,2.05%,,,,,,,,,,
80, penne pasta,2.00%,,,,,,,,,,
80, italian sausage,2.00%,,,,,,,,,,
80, diced onion,2.00%,,,,,,,,,,
79, yellow onion,1.98%,,,,,,,,,,
78, parmigiano reggiano cheese,1.95%,,,,,,,,,,
77, ground black pepper,1.93%,,,,,,,,,,
77, flour,1.93%,,,,,,,,,,
77, baking powder,1.93%,,,,,,,,,,
76, dried thyme,1.90%,,,,,,,,,,
75, artichoke hearts,1.88%,,,,,,,,,,
74, italian parsley,1.85%,,,,,,,,,,
74, cannellini beans,1.85%,,,,,,,,,,
73, mushrooms,1.83%,,,,,,,,,,
73, fresh parmesan cheese,1.83%,,,,,,,,,,
72, polenta,1.80%,,,,,,,,,,
72, lean ground beef,1.80%,,,,,,,,,,
72, italian bread,1.80%,,,,,,,,,,
71, cherry tomatoes,1.78%,,,,,,,,,,
70, part-skim mozzarella cheese,1.75%,,,,,,,,,,
70, bay leaf,1.75%,,,,,,,,,,
70, baguette,1.75%,,,,,,,,,,
69, pizza doughs,1.73%,,,,,,,,,,
69, black olives,1.73%,,,,,,,,,,
68, fresh mushrooms,1.70%,,,,,,,,,,
67, pecorino romano cheese,1.68%,,,,,,,,,,
66, lemon zest,1.65%,,,,,,,,,,
66, basil,1.65%,,,,,,,,,,
64, whipping cream,1.60%,,,,,,,,,,
64, kalamata olives,1.60%,,,,,,,,,,
64, crushed garlic,1.60%,,,,,,,,,,
64, bacon,1.60%,,,,,,,,,,
64, all purpose flour,1.60%,,,,,,,,,,
63, romano cheese,1.58%,,,,,,,,,,
62, sage,1.55%,,,,,,,,,,
60, provolone cheese,1.50%,,,,,,,,,,
59, tomato,1.48%,,,,,,,,,,
58, peeled tomatoes,1.45%,,,,,,,,,,
58, large eggs,1.45%,,,,,,,,,,
58, granulated sugar,1.45%,,,,,,,,,,
58, fresh mozzarella,1.45%,,,,,,,,,,
58, chopped fresh thyme,1.45%,,,,,,,,,,
58, arugula,1.45%,,,,,,,,,,
57, shallot,1.43%,,,,,,,,,,
57, red wine,1.43%,,,,,,,,,,
56, mozzarella,1.40%,,,,,,,,,,
56, low sodium chicken broth,1.40%,,,,,,,,,,
56, angel hair pasta,1.40%,,,,,,,,,,
55, oregano,1.38%,,,,,,,,,,
55, clove garlic,1.38%,,,,,,,,,,
53, goat cheese,1.33%,,,,,,,,,,
52, green beans,1.30%,,,,,,,,,,
50, pepperoni,1.25%,,,,,,,,,,
50, chopped parsley,1.25%,,,,,,,,,,
49, part skim ricotta cheese,1.23%,,,,,,,,,,
49, dry red wine,1.23%,,,,,,,,,,
48, red bell peppers,1.20%,,,,,,,,,,
48, minced onion,1.20%,,,,,,,,,,
48, confectioners' sugar,1.20%,,,,,,,,,,
48, boneless skinless chicken breast halves,1.20%,,,,,,,,,,
47, pasta sauce,1.18%,,,,,,,,,,
47, low salt chicken broth,1.18%,,,,,,,,,,
47, egg yolks,1.18%,,,,,,,,,,
46, sweet italian sausage,1.15%,,,,,,,,,,
46, ground nutmeg,1.15%,,,,,,,,,,
46, feta cheese,1.15%,,,,,,,,,,
46, egg whites,1.15%,,,,,,,,,,
45, marsala wine,1.13%,,,,,,,,,,
45, kale,1.13%,,,,,,,,,,
45, broccoli rabe,1.13%,,,,,,,,,,
45, bay leaves,1.13%,,,,,,,,,,
44, vegetable broth,1.10%,,,,,,,,,,
44, grape tomatoes,1.10%,,,,,,,,,,
44, dried rosemary,1.10%,,,,,,,,,,
44, bread flour,1.10%,,,,,,,,,,
43, fontina cheese,1.08%,,,,,,,,,,
43, butternut squash,1.08%,,,,,,,,,,
42, toasted pine nuts,1.05%,,,,,,,,,,
42, thyme leaves,1.05%,,,,,,,,,,
42, salami,1.05%,,,,,,,,,,
42, honey,1.05%,,,,,,,,,,
42, fettuccine,1.05%,,,,,,,,,,
42, cayenne pepper,1.05%,,,,,,,,,,
41, bread,1.03%,,,,,,,,,,
41, anchovy fillets,1.03%,,,,,,,,,,
40, skinless boneless chicken breasts,1.00%,,,,,,,,,,
40, parsley leaves,1.00%,,,,,,,,,,
40, mayonnaise,1.00%,,,,,,,,,,
40, lemon rind,1.00%,,,,,,,,,,
40, green onions,1.00%,,,,,,,,,,
40, grated lemon zest,1.00%,,,,,,,,,,
39, roasted red pepper,0.98%,,,,,,,,,,
39, ricotta,0.98%,,,,,,,,,,
38, grated nutmeg,0.95%,,,,,,,,,,
38, frozen peas,0.95%,,,,,,,,,,
38, chopped celery,0.95%,,,,,,,,,,
38, boneless skinless chicken breasts,0.95%,,,,,,,,,,
37, yellow bell pepper,0.93%,,,,,,,,,,
37, sage leaves,0.93%,,,,,,,,,,
37, hot red pepper flakes,0.93%,,,,,,,,,,
37, chopped fresh chives,0.93%,,,,,,,,,,
36, heavy whipping cream,0.90%,,,,,,,,,,
36, half and half,0.90%,,,,,,,,,,
35, unsweetened cocoa powder,0.88%,,,,,,,,,,
35, softened butter,0.88%,,,,,,,,,,
35, ground cinnamon,0.88%,,,,,,,,,,
35, cheese tortellini,0.88%,,,,,,,,,,
35, alfredo sauce,0.88%,,,,,,,,,,
34, semisweet chocolate,0.85%,,,,,,,,,,
34, pizza sauce,0.85%,,,,,,,,,,
34, melted butter,0.85%,,,,,,,,,,
34, ladyfingers,0.85%,,,,,,,,,,
34, italian parsley leaves,0.85%,,,,,,,,,,
34, fresh thyme,0.85%,,,,,,,,,,
34, cottage cheese,0.85%,,,,,,,,,,
34, coffee,0.85%,,,,,,,,,,
34, breasts halves,0.85%,,,,,,,,,,
33, swiss chard,0.83%,,,,,,,,,,
33, shredded mozzarella,0.83%,,,,,,,,,,
33, chicken breasts,0.83%,,,,,,,,,,
32, strawberries,0.80%,,,,,,,,,,
32, stewed tomatoes,0.80%,,,,,,,,,,
32, eggplants,0.80%,,,,,,,,,,
31, oil,0.78%,,,,,,,,,,
31, garlic salt,0.78%,,,,,,,,,,
31, fresh parsley leaves,0.78%,,,,,,,,,,
31, fennel seeds,0.78%,,,,,,,,,,
31, bittersweet chocolate,0.78%,,,,,,,,,,
30, whole milk,0.75%,,,,,,,,,,
30, pesto sauce,0.75%,,,,,,,,,,
30, lemon peel,0.75%,,,,,,,,,,
30, green pepper,0.75%,,,,,,,,,,
30, fine sea salt,0.75%,,,,,,,,,,
30, escarole,0.75%,,,,,,,,,,
30, canned tomatoes,0.75%,,,,,,,,,,
30, broccoli,0.75%,,,,,,,,,,
30, almond extract,0.75%,,,,,,,,,,
29, ground pork,0.73%,,,,,,,,,,
29, cremini mushrooms,0.73%,,,,,,,,,,
29, cornstarch,0.73%,,,,,,,,,,
29, cornmeal,0.73%,,,,,,,,,,
29, brown sugar,0.73%,,,,,,,,,,
29, asiago cheese,0.73%,,,,,,,,,,
28, yellow cornmeal,0.70%,,,,,,,,,,
28, sour cream,0.70%,,,,,,,,,,
28, roma tomatoes,0.70%,,,,,,,,,,
28, penne,0.70%,,,,,,,,,,
28, paprika,0.70%,,,,,,,,,,
28, mint leaves,0.70%,,,,,,,,,,
28, egg white,0.70%,,,,,,,,,,
27, spinach leaves,0.68%,,,,,,,,,,
27, powdered sugar,0.68%,,,,,,,,,,
27, egg yolk,0.68%,,,,,,,,,,
27, beef broth,0.68%,,,,,,,,,,
26, rosemary,0.65%,,,,,,,,,,
26, potatoes,0.65%,,,,,,,,,,
26, mussels,0.65%,,,,,,,,,,
26, large egg,0.65%,,,,,,,,,,
26, dijon mustard,0.65%,,,,,,,,,,
26, cold water,0.65%,,,,,,,,,,
26, clams,0.65%,,,,,,,,,,
26, chives,0.65%,,,,,,,,,,
25, sauce,0.63%,,,,,,,,,,
25, fennel bulb,0.63%,,,,,,,,,,
25, baking soda,0.63%,,,,,,,,,,
24, worcestershire sauce,0.60%,,,,,,,,,,
24, sweet onion,0.60%,,,,,,,,,,
24, reduced sodium chicken broth,0.60%,,,,,,,,,,
24, onion powder,0.60%,,,,,,,,,,
24, nutmeg,0.60%,,,,,,,,,,
24, margarine,0.60%,,,,,,,,,,
24, leek,0.60%,,,,,,,,,,
24, hot water,0.60%,,,,,,,,,,
24, hot italian sausage,0.60%,,,,,,,,,,
24, chopped walnuts,0.60%,,,,,,,,,,
24, chicken,0.60%,,,,,,,,,,
24, celery ribs,0.60%,,,,,,,,,,
24, broccoli florets,0.60%,,,,,,,,,,
23, yellow squash,0.58%,,,,,,,,,,
23, white wine vinegar,0.58%,,,,,,,,,,
23, tomato puree,0.58%,,,,,,,,,,
23, pure vanilla extract,0.58%,,,,,,,,,,
23, portobello mushrooms,0.58%,,,,,,,,,,
23, lemons,0.58%,,,,,,,,,,
23, juice,0.58%,,,,,,,,,,
23, french bread,0.58%,,,,,,,,,,
23, cocoa powder,0.58%,,,,,,,,,,
22, sausage,0.55%,,,,,,,,,,
22, less sodium chicken broth,0.55%,,,,,,,,,,
21, unflavored gelatin,0.53%,,,,,,,,,,
21, pecorino romano,0.53%,,,,,,,,,,
21, pasta shells,0.53%,,,,,,,,,,
21, orange zest,0.53%,,,,,,,,,,
21, green olives,0.53%,,,,,,,,,,
21, fusilli,0.53%,,,,,,,,,,
21, dried porcini mushrooms,0.53%,,,,,,,,,,
21, chicken breast,0.53%,,,,,,,,,,
21, boneless chicken breast halves,0.53%,,,,,,,,,,
21, boiling water,0.53%,,,,,,,,,,
20, white pepper,0.50%,,,,,,,,,,
20, white bread,0.50%,,,,,,,,,,
20, thyme,0.50%,,,,,,,,,,
20, sliced tomatoes,0.50%,,,,,,,,,,
20, shredded cheddar cheese,0.50%,,,,,,,,,,
20, radicchio,0.50%,,,,,,,,,,
20, orecchiette,0.50%,,,,,,,,,,
20, dry yeast,0.50%,,,,,,,,,,
20, dough,0.50%,,,,,,,,,,
20, cooked chicken,0.50%,,,,,,,,,,
20, confectioners sugar,0.50%,,,,,,,,,,
20, cheese ravioli,0.50%,,,,,,,,,,
20, canola oil,0.50%,,,,,,,,,,
20, bow tie pasta,0.50%,,,,,,,,,,
20, arborio,0.50%,,,,,,,,,,
19, white onion,0.48%,,,,,,,,,,
19, orzo,0.48%,,,,,,,,,,
19, marsala,0.48%,,,,,,,,,,
19, lemons juice,0.48%,,,,,,,,,,
19, large garlic cloves,0.48%,,,,,,,,,,
19, large egg yolks,0.48%,,,,,,,,,,
19, italian turkey sausage,0.48%,,,,,,,,,,
19, ham,0.48%,,,,,,,,,,
19, ground white pepper,0.48%,,,,,,,,,,
18, sliced almonds,0.45%,,,,,,,,,,
18, scallions,0.45%,,,,,,,,,,
18, raspberries,0.45%,,,,,,,,,,
18, littleneck clams,0.45%,,,,,,,,,,
18, kidney beans,0.45%,,,,,,,,,,
18, ground turkey,0.45%,,,,,,,,,,
18, crushed red pepper flakes,0.45%,,,,,,,,,,
18, buttermilk,0.45%,,,,,,,,,,
17, salad dressing,0.43%,,,,,,,,,,
17, rigatoni pasta,0.43%,,,,,,,,,,
17, red pepper,0.43%,,,,,,,,,,
17, plum tomato,0.43%,,,,,,,,,,
17, lower sodium chicken broth,0.43%,,,,,,,,,,
17, italian sausages,0.43%,,,,,,,,,,
17, italian cheese,0.43%,,,,,,,,,,
17, green onion,0.43%,,,,,,,,,,
17, gnocchi,0.43%,,,,,,,,,,
17, fettuccine pasta,0.43%,,,,,,,,,,
17, ciabatta,0.43%,,,,,,,,,,
17, chicken thighs,0.43%,,,,,,,,,,
17, cauliflower,0.43%,,,,,,,,,,
16, whole milk ricotta cheese,0.40%,,,,,,,,,,
16, rigatoni,0.40%,,,,,,,,,,
16, pizza crust,0.40%,,,,,,,,,,
16, marjoram,0.40%,,,,,,,,,,
16, flat-leaf parsley,0.40%,,,,,,,,,,
16, clam juice,0.40%,,,,,,,,,,
15, white mushrooms,0.38%,,,,,,,,,,
15, vanilla bean,0.38%,,,,,,,,,,
15, vanilla,0.38%,,,,,,,,,,
15, shiitake mushrooms,0.38%,,,,,,,,,,
15, parmigiano-reggiano cheese,0.38%,,,,,,,,,,
15, orange,0.38%,,,,,,,,,,
15, noodles,0.38%,,,,,,,,,,
15, mushroom,0.38%,,,,,,,,,,
15, herbs,0.38%,,,,,,,,,,
15, green peas,0.38%,,,,,,,,,,
15, green bell peppers,0.38%,,,,,,,,,,
15, fresh mozzarella cheese,0.38%,,,,,,,,,,
15, fresh mint,0.38%,,,,,,,,,,
15, fettuccini,0.38%,,,,,,,,,,
15, cream,0.38%,,,,,,,,,,
15, arugula leaves,0.38%,,,,,,,,,,
15, artichokes,0.38%,,,,,,,,,,
14, white beans,0.35%,,,,,,,,,,
14, slivered almonds,0.35%,,,,,,,,,,
14, peas,0.35%,,,,,,,,,,
14, part skim ricotta,0.35%,,,,,,,,,,
14, olives,0.35%,,,,,,,,,,
14, mascarpone,0.35%,,,,,,,,,,
14, hazelnuts,0.35%,,,,,,,,,,
14, golden raisins,0.35%,,,,,,,,,,
14, fresh cilantro,0.35%,,,,,,,,,,
14, farfalle pasta,0.35%,,,,,,,,,,
14, crusty bread,0.35%,,,,,,,,,,
14, cookies,0.35%,,,,,,,,,,
14, coffee flavored liqueur,0.35%,,,,,,,,,,
14, calamari,0.35%,,,,,,,,,,
141%, % low-fat milk,0.04%,,,,,,,,,,
13, vodka,0.33%,,,,,,,,,,
13, spaghetti squash,0.33%,,,,,,,,,,
13, russet potatoes,0.33%,,,,,,,,,,
13, romano,0.33%,,,,,,,,,,
13, provolone,0.33%,,,,,,,,,,
13, pork sausage,0.33%,,,,,,,,,,
13, mushroom caps,0.33%,,,,,,,,,,
13, leeks,0.33%,,,,,,,,,,
13, fresh tomatoes,0.33%,,,,,,,,,,
13, fontina,0.33%,,,,,,,,,,
13, fennel seed,0.33%,,,,,,,,,,
13, espresso,0.33%,,,,,,,,,,
13, egg substitute,0.33%,,,,,,,,,,
13, cucumber,0.33%,,,,,,,,,,
13, chopped pecans,0.33%,,,,,,,,,,
13, button mushrooms,0.33%,,,,,,,,,,
12, white chocolate,0.30%,,,,,,,,,,
12, vegetable stock,0.30%,,,,,,,,,,
12, toasted hazelnuts,0.30%,,,,,,,,,,
12, semolina flour,0.30%,,,,,,,,,,
12, scallops,0.30%,,,,,,,,,,
12, rotini,0.30%,,,,,,,,,,
12, red onions,0.30%,,,,,,,,,,
12, orzo pasta,0.30%,,,,,,,,,,
12, espresso powder,0.30%,,,,,,,,,,
12, elbow macaroni,0.30%,,,,,,,,,,
12, crabmeat,0.30%,,,,,,,,,,
12, brewed espresso,0.30%,,,,,,,,,,
12, bell peppers,0.30%,,,,,,,,,,
12, anchovy paste,0.30%,,,,,,,,,,
11, ziti,0.28%,,,,,,,,,,
11, yellow onions,0.28%,,,,,,,,,,
11, walnuts,0.28%,,,,,,,,,,
11, traditional italian sauce,0.28%,,,,,,,,,,
11, sourdough bread,0.28%,,,,,,,,,,
11, ripe olives,0.28%,,,,,,,,,,
11, raisins,0.28%,,,,,,,,,,
11, potato gnocchi,0.28%,,,,,,,,,,
11, pizza dough,0.28%,,,,,,,,,,
11, pecorino cheese,0.28%,,,,,,,,,,
11, italian plum tomatoes,0.28%,,,,,,,,,,
11, ground veal,0.28%,,,,,,,,,,
11, ground cumin,0.28%,,,,,,,,,,
11, frozen chopped spinach,0.28%,,,,,,,,,,
11, corn kernels,0.28%,,,,,,,,,,
11, chicken cutlets,0.28%,,,,,,,,,,
11, black peppercorns,0.28%,,,,,,,,,,
11, amaretto,0.28%,,,,,,,,,,
11, almonds,0.28%,,,,,,,,,,
10, yukon gold potatoes,0.25%,,,,,,,,,,
10, vegetables,0.25%,,,,,,,,,,
10, unsweetened cocoa,0.25%,,,,,,,,,,
10, turkey breast,0.25%,,,,,,,,,,
10, tortellini,0.25%,,,,,,,,,,
10, toast,0.25%,,,,,,,,,,
10, smoked salmon,0.25%,,,,,,,,,,
10, sliced tomato,0.25%,,,,,,,,,,
10, roll,0.25%,,,,,,,,,,
10, peaches,0.25%,,,,,,,,,,
10, part-skim mozzarella,0.25%,,,,,,,,,,
10, parsley flakes,0.25%,,,,,,,,,,
10, orange juice,0.25%,,,,,,,,,,
10, mild italian sausage,0.25%,,,,,,,,,,
10, manicotti shells,0.25%,,,,,,,,,,
10, japanese breadcrumbs,0.25%,,,,,,,,,,
10, ice cream,0.25%,,,,,,,,,,
10, heirloom tomatoes,0.25%,,,,,,,,,,
10, ground red pepper,0.25%,,,,,,,,,,
10, garbanzo beans,0.25%,,,,,,,,,,
10, fresh marjoram,0.25%,,,,,,,,,,
10, flakes,0.25%,,,,,,,,,,
10, country bread,0.25%,,,,,,,,,,
10, cloves garlic,0.25%,,,,,,,,,,
10, chopped fresh mint,0.25%,,,,,,,,,,
10, chocolate shavings,0.25%,,,,,,,,,,
10, chickpeas,0.25%,,,,,,,,,,
10, bread dough,0.25%,,,,,,,,,,
10, bay scallops,0.25%,,,,,,,,,,
9,zucchinis,0.23%,,,,,,,,,,
9,white wines,0.23%,,,,,,,,,,
9,whipped cream,0.23%,,,,,,,,,,
9,spanish onion,0.23%,,,,,,,,,,
9,skim milk,0.23%,,,,,,,,,,
9,shortening,0.23%,,,,,,,,,,
9,reduced fat % milk,0.23%,,,,,,,,,,
9,peppers,0.23%,,,,,,,,,,
9,part skim mozzarella cheese,0.23%,,,,,,,,,,
9,liqueur,0.23%,,,,,,,,,,
9,kahlua,0.23%,,,,,,,,,,
9,italian style stewed tomatoes,0.23%,,,,,,,,,,
9,grapes,0.23%,,,,,,,,,,
9,grape,0.23%,,,,,,,,,,
9,fresh tarragon,0.23%,,,,,,,,,,
9,fresh lime juice,0.23%,,,,,,,,,,
9,flaked coconut,0.23%,,,,,,,,,,
9,fennel bulbs,0.23%,,,,,,,,,,
9,fat-free ricotta cheese,0.23%,,,,,,,,,,
9,fat free milk,0.23%,,,,,,,,,,
9,fat,0.23%,,,,,,,,,,
9,farro,0.23%,,,,,,,,,,
9,dark chocolate,0.23%,,,,,,,,,,
9,crumbs,0.23%,,,,,,,,,,
9,crumbles,0.23%,,,,,,,,,,
9,cannellini,0.23%,,,,,,,,,,
9,bucatini,0.23%,,,,,,,,,,
9,brandy,0.23%,,,,,,,,,,
9,bocconcini,0.23%,,,,,,,,,,
9,beef stock,0.23%,,,,,,,,,,
9,beef,0.23%,,,,,,,,,,
9,baked pizza crust,0.23%,,,,,,,,,,
9,anchovies,0.23%,,,,,,,,,,
9,almond paste,0.23%,,,,,,,,,,
8,yeast,0.20%,,,,,,,,,,
8,wine,0.20%,,,,,,,,,,
8,vegetable shortening,0.20%,,,,,,,,,,
8,veal cutlets,0.20%,,,,,,,,,,
8,squid,0.20%,,,,,,,,,,
8,soft fresh goat cheese,0.20%,,,,,,,,,,
8,semisweet chocolate chips,0.20%,,,,,,,,,,
8,seasoning salt,0.20%,,,,,,,,,,
8,rice,0.20%,,,,,,,,,,
8,pistachios,0.20%,,,,,,,,,,
8,pepper flakes,0.20%,,,,,,,,,,
8,orange peel,0.20%,,,,,,,,,,
8,olive oil cooking spray,0.20%,,,,,,,,,,
8,mustard greens,0.20%,,,,,,,,,,
8,mustard,0.20%,,,,,,,,,,
8,mint,0.20%,,,,,,,,,,
8,low sodium chicken stock,0.20%,,,,,,,,,,
8,light brown sugar,0.20%,,,,,,,,,,
8,italian style seasoning,0.20%,,,,,,,,,,
8,ice,0.20%,,,,,,,,,,
8,hot sauce,0.20%,,,,,,,,,,
8,ground sirloin,0.20%,,,,,,,,,,
8,gemelli,0.20%,,,,,,,,,,
8,fresh thyme leaves,0.20%,,,,,,,,,,
8,flat leaf,0.20%,,,,,,,,,,
8,essence,0.20%,,,,,,,,,,
8,ditalini,0.20%,,,,,,,,,,
8,cooked shrimp,0.20%,,,,,,,,,,
8,coffee liqueur,0.20%,,,,,,,,,,
8,chocolate,0.20%,,,,,,,,,,
8,chicken breast halves,0.20%,,,,,,,,,,
8,chicken bouillon,0.20%,,,,,,,,,,
8,celery rib,0.20%,,,,,,,,,,
8,blue cheese,0.20%,,,,,,,,,,
8,blanched almonds,0.20%,,,,,,,,,,
8,anise extract,0.20%,,,,,,,,,,
7,wonton wrappers,0.18%,,,,,,,,,,
7,whipped topping,0.18%,,,,,,,,,,
7,vegetable,0.18%,,,,,,,,,,
7,tarragon,0.18%,,,,,,,,,,
7,swiss cheese,0.18%,,,,,,,,,,
7,sweet potatoes,0.18%,,,,,,,,,,
7,shredded carrots,0.18%,,,,,,,,,,
7,sherry vinegar,0.18%,,,,,,,,,,
7,round,0.18%,,,,,,,,,,
7,roma tomato,0.18%,,,,,,,,,,
7,red potato,0.18%,,,,,,,,,,
7,red peppers,0.18%,,,,,,,,,,
7,pork chops,0.18%,,,,,,,,,,
7,parsley sprigs,0.18%,,,,,,,,,,
7,panko,0.18%,,,,,,,,,,
7,olive oil spray,0.18%,,,,,,,,,,
7,mozzarella balls,0.18%,,,,,,,,,,
7,mortadella,0.18%,,,,,,,,,,
7,mixed vegetables,0.18%,,,,,,,,,,
7,marinara,0.18%,,,,,,,,,,
7,limoncello,0.18%,,,,,,,,,,
7,italian sauce,0.18%,,,,,,,,,,
7,instant yeast,0.18%,,,,,,,,,,
7,hot italian sausages,0.18%,,,,,,,,,,
7,hot,0.18%,,,,,,,,,,
7,homemade chicken stock,0.18%,,,,,,,,,,
7,great northern beans,0.18%,,,,,,,,,,
7,fresh peas,0.18%,,,,,,,,,,
7,fresh orange juice,0.18%,,,,,,,,,,
7,fresh fava bean,0.18%,,,,,,,,,,
7,food coloring,0.18%,,,,,,,,,,
7,flour tortillas,0.18%,,,,,,,,,,
7,flour for dusting,0.18%,,,,,,,,,,
7,flank steak,0.18%,,,,,,,,,,
7,figs,0.18%,,,,,,,,,,
7,fava beans,0.18%,,,,,,,,,,
7,farfalle,0.18%,,,,,,,,,,
7,dried fettuccine,0.18%,,,,,,,,,,
7,dried apricots,0.18%,,,,,,,,,,
7,dark rum,0.18%,,,,,,,,,,
7,creme fraiche,0.18%,,,,,,,,,,
7,chopped almonds,0.18%,,,,,,,,,,
7,chili powder,0.18%,,,,,,,,,,
7,cherry,0.18%,,,,,,,,,,
7,casings,0.18%,,,,,,,,,,
7,carnaroli rice,0.18%,,,,,,,,,,
7,cake mix,0.18%,,,,,,,,,,
7,cabbage,0.18%,,,,,,,,,,
7,bottled clam juice,0.18%,,,,,,,,,,
7,boneless,0.18%,,,,,,,,,,
7,amaretto liqueur,0.18%,,,,,,,,,,
7,amaretti,0.18%,,,,,,,,,,
7,alfredo-style pasta sauce,0.18%,,,,,,,,,,
6,white truffle oil,0.15%,,,,,,,,,,
6,white rice,0.15%,,,,,,,,,,
6,vegetable oil cooking spray,0.15%,,,,,,,,,,
6,veal shanks,0.15%,,,,,,,,,,
6,vanilla ice cream,0.15%,,,,,,,,,,
6,turkey sausage,0.15%,,,,,,,,,,
6,toasted walnuts,0.15%,,,,,,,,,,
6,toasted almonds,0.15%,,,,,,,,,,
6,shredded Monterey Jack cheese,0.15%,,,,,,,,,,
6,sea scallops,0.15%,,,,,,,,,,
6,romaine lettuce,0.15%,,,,,,,,,,
6,roasted garlic,0.15%,,,,,,,,,,
6,risotto,0.15%,,,,,,,,,,
6,refrigerated fettuccine,0.15%,,,,,,,,,,
6,reduced fat cream cheese,0.15%,,,,,,,,,,
6,ravioli,0.15%,,,,,,,,,,
6,penne rigate,0.15%,,,,,,,,,,
6,peeled fresh ginger,0.15%,,,,,,,,,,
6,pearl barley,0.15%,,,,,,,,,,
6,parmigiano,0.15%,,,,,,,,,,
6,oyster mushrooms,0.15%,,,,,,,,,,
6,orange bell pepper,0.15%,,,,,,,,,,
6,navy beans,0.15%,,,,,,,,,,
6,mixed salad green,0.15%,,,,,,,,,,
6,medium-grain rice,0.15%,,,,,,,,,,
6,ketchup,0.15%,,,,,,,,,,
6,italian tomatoes,0.15%,,,,,,,,,,
6,italian style bread crumbs,0.15%,,,,,,,,,,
6,italian salad dressing mix,0.15%,,,,,,,,,,
6,italian salad dressing,0.15%,,,,,,,,,,
6,italian dressing,0.15%,,,,,,,,,,
6,hots,0.15%,,,,,,,,,,
6,gruyere cheese,0.15%,,,,,,,,,,
6,ground round,0.15%,,,,,,,,,,
6,green peppers,0.15%,,,,,,,,,,
6,gelatin,0.15%,,,,,,,,,,
6,fresh mozzarella balls,0.15%,,,,,,,,,,
6,fresh dill,0.15%,,,,,,,,,,
6,firm tofu,0.15%,,,,,,,,,,
6,dry vermouth,0.15%,,,,,,,,,,
6,dry sherry,0.15%,,,,,,,,,,
6,dried fig,0.15%,,,,,,,,,,
6,crimini,0.15%,,,,,,,,,,
6,cream of tartar,0.15%,,,,,,,,,,
6,cream of mushroom soup,0.15%,,,,,,,,,,
6,cinnamon,0.15%,,,,,,,,,,
6,chili flakes,0.15%,,,,,,,,,,
6,cheddar cheese,0.15%,,,,,,,,,,
6,cavolo nero,0.15%,,,,,,,,,,
6,cantaloupe,0.15%,,,,,,,,,,
6,cannoli shells,0.15%,,,,,,,,,,
6,cake flour,0.15%,,,,,,,,,,
6,cake,0.15%,,,,,,,,,,
6,bulb fennel,0.15%,,,,,,,,,,
6,boneless skinless chicken,0.15%,,,,,,,,,,
6,blackberries,0.15%,,,,,,,,,,
6,biscuits,0.15%,,,,,,,,,,
6,berries,0.15%,,,,,,,,,,
6,belgian endive,0.15%,,,,,,,,,,
6,beer,0.15%,,,,,,,,,,
6,baguettes,0.15%,,,,,,,,,,
5,zesty italian dressing,0.13%,,,,,,,,,,
5,winter squash,0.13%,,,,,,,,,,
5,wheat flour,0.13%,,,,,,,,,,
5,vinegar,0.13%,,,,,,,,,,
5,vinaigrette,0.13%,,,,,,,,,,
5,vegetable oil spray,0.13%,,,,,,,,,,
5,veal stock,0.13%,,,,,,,,,,
5,veal,0.13%,,,,,,,,,,
5,tuna steaks,0.13%,,,,,,,,,,
5,tuna,0.13%,,,,,,,,,,
5,tomato juice,0.13%,,,,,,,,,,
5,tilapia fillets,0.13%,,,,,,,,,,
5,sweet italian sausages,0.13%,,,,,,,,,,
5,sun dried tomatoes,0.13%,,,,,,,,,,
5,summer squash,0.13%,,,,,,,,,,
5,spanish onions,0.13%,,,,,,,,,,
5,spaghettini,0.13%,,,,,,,,,,
5,soft goat cheese,0.13%,,,,,,,,,,
5,sliced ham,0.13%,,,,,,,,,,
5,sirloin,0.13%,,,,,,,,,,
5,shells,0.13%,,,,,,,,,,
5,savoy cabbage,0.13%,,,,,,,,,,
5,saffron threads,0.13%,,,,,,,,,,
5,saffron,0.13%,,,,,,,,,,
5,rosemary sprigs,0.13%,,,,,,,,,,
5,rolls,0.13%,,,,,,,,,,
5,regular chicken broth,0.13%,,,,,,,,,,
5,reduced-fat sour cream,0.13%,,,,,,,,,,
5,red lentils,0.13%,,,,,,,,,,
5,red kidney beans,0.13%,,,,,,,,,,
5,red,0.13%,,,,,,,,,,
5,ragu,0.13%,,,,,,,,,,
5,pumpkin,0.13%,,,,,,,,,,
5,prosecco,0.13%,,,,,,,,,,
5,prebaked pizza crusts,0.13%,,,,,,,,,,
5,powdered milk,0.13%,,,,,,,,,,
5,pear,0.13%,,,,,,,,,,
5,parmigiano reggiano,0.13%,,,,,,,,,,
5,orange liqueur,0.13%,,,,,,,,,,
5,olive oil flavored cooking spray,0.13%,,,,,,,,,,
5,milk chocolate,0.13%,,,,,,,,,,
5,meat,0.13%,,,,,,,,,,
5,manila clams,0.13%,,,,,,,,,,
5,low sodium beef broth,0.13%,,,,,,,,,,
5,linguini,0.13%,,,,,,,,,,
5,light cream cheese,0.13%,,,,,,,,,,
5,lettuce,0.13%,,,,,,,,,,
5,lasagna sheets,0.13%,,,,,,,,,,
5,large egg whites,0.13%,,,,,,,,,,
5,kalamata,0.13%,,,,,,,,,,
5,japanese eggplant,0.13%,,,,,,,,,,
5,italian spicy sausage,0.13%,,,,,,,,,,
5,italian herb,0.13%,,,,,,,,,,
5,hand,0.13%,,,,,,,,,,
5,hamburger,0.13%,,,,,,,,,,
5,guanciale,0.13%,,,,,,,,,,
5,ground cloves,0.13%,,,,,,,,,,
5,grated orange,0.13%,,,,,,,,,,
5,gorgonzola,0.13%,,,,,,,,,,
5,garnish,0.13%,,,,,,,,,,
5,fat-free cottage cheese,0.13%,,,,,,,,,,
5,fat free less sodium chicken,0.13%,,,,,,,,,,
5,dried currants,0.13%,,,,,,,,,,
5,dried basil leaves,0.13%,,,,,,,,,,
5,condensed cream of chicken soup,0.13%,,,,,,,,,,
5,cider vinegar,0.13%,,,,,,,,,,
5,chunky pasta sauce,0.13%,,,,,,,,,,
5,chuck roast,0.13%,,,,,,,,,,
5,chuck,0.13%,,,,,,,,,,
5,chocolate chips,0.13%,,,,,,,,,,
5,chicken tenders,0.13%,,,,,,,,,,
5,chicken breast tenders,0.13%,,,,,,,,,,
5,chicken bouillon granules,0.13%,,,,,,,,,,
5,cheddar,0.13%,,,,,,,,,,
5,celery salt,0.13%,,,,,,,,,,
5,cayenne,0.13%,,,,,,,,,,
5,cauliflower florets,0.13%,,,,,,,,,,
5,capellini,0.13%,,,,,,,,,,
5,canadian bacon,0.13%,,,,,,,,,,
5,brown rice,0.13%,,,,,,,,,,
5,broth,0.13%,,,,,,,,,,
5,boneless chicken breast,0.13%,,,,,,,,,,
5,biscotti,0.13%,,,,,,,,,,
5,bell pepper,0.13%,,,,,,,,,,
5,beets,0.13%,,,,,,,,,,
5,beans,0.13%,,,,,,,,,,
5,baking potatoes,0.13%,,,,,,,,,,
5,applewood smoked bacon,0.13%,,,,,,,,,,
4,wine vinegar,0.10%,,,,,,,,,,
4,white vermouth,0.10%,,,,,,,,,,
4,walnut halves,0.10%,,,,,,,,,,
4,vine ripened tomatoes,0.10%,,,,,,,,,,
4,uncooked ziti,0.10%,,,,,,,,,,
4,turkey,0.10%,,,,,,,,,,
4,truffle oil,0.10%,,,,,,,,,,
4,thick cut,0.10%,,,,,,,,,,
4,sweet potato,0.10%,,,,,,,,,,
4,sugar snap pea,0.10%,,,,,,,,,,
4,strawberry,0.10%,,,,,,,,,,
4,steaks,0.10%,,,,,,,,,,
4,soy sauce,0.10%,,,,,,,,,,
4,sourdough baguette,0.10%,,,,,,,,,,
4,soft tofu,0.10%,,,,,,,,,,
4,shredded zucchini,0.10%,,,,,,,,,,
4,shredded monterey jack cheese,0.10%,,,,,,,,,,
4,shell pasta,0.10%,,,,,,,,,,
4,sharp cheddar cheese,0.10%,,,,,,,,,,
4,semolina,0.10%,,,,,,,,,,
4,sambuca,0.10%,,,,,,,,,,
4,russet potato,0.10%,,,,,,,,,,
4,rum,0.10%,,,,,,,,,,
4,ricotta salata,0.10%,,,,,,,,,,
4,reduced sodium beef broth,0.10%,,,,,,,,,,
4,red snapper,0.10%,,,,,,,,,,
4,raspberry jam,0.10%,,,,,,,,,,
4,pumpkin puree,0.10%,,,,,,,,,,
4,pound cake,0.10%,,,,,,,,,,
4,poultry seasoning,0.10%,,,,,,,,,,
4,potato,0.10%,,,,,,,,,,
4,pork shoulder,0.10%,,,,,,,,,,
4,plain low-fat yogurt,0.10%,,,,,,,,,,
4,pistachio nuts,0.10%,,,,,,,,,,
4,pecorino,0.10%,,,,,,,,,,
4,pearl onions,0.10%,,,,,,,,,,
4,pasta sheets,0.10%,,,,,,,,,,
4,pappardelle pasta,0.10%,,,,,,,,,,
4,onion flakes,0.10%,,,,,,,,,,
4,olive,0.10%,,,,,,,,,,
4,oil cured black olives,0.10%,,,,,,,,,,
4,nutritional yeast,0.10%,,,,,,,,,,
4,meatballs,0.10%,,,,,,,,,,
4,marinated artichoke hearts,0.10%,,,,,,,,,,
4,manicotti,0.10%,,,,,,,,,,
4,macaroni,0.10%,,,,,,,,,,
4,low-fat cottage cheese,0.10%,,,,,,,,,,
4,low sodium canned chicken stock,0.10%,,,,,,,,,,
4,light cream,0.10%,,,,,,,,,,
4,lemon pepper seasoning,0.10%,,,,,,,,,,
4,kalamata olive,0.10%,,,,,,,,,,
4,jam,0.10%,,,,,,,,,,
4,jalapenos,0.10%,,,,,,,,,,
4,italian flat leaf parsley,0.10%,,,,,,,,,,
4,italian eggplants,0.10%,,,,,,,,,,
4,instant rice,0.10%,,,,,,,,,,
4,instant coffee,0.10%,,,,,,,,,,
4,hot sausage,0.10%,,,,,,,,,,
4,hot pepper sauce,0.10%,,,,,,,,,,
4,hoagie rolls,0.10%,,,,,,,,,,
4,herb seasoning,0.10%,,,,,,,,,,
4,halibut fillets,0.10%,,,,,,,,,,
4,half-and-half,0.10%,,,,,,,,,,
4,ground lamb,0.10%,,,,,,,,,,
4,ground ginger,0.10%,,,,,,,,,,
4,ground allspice,0.10%,,,,,,,,,,
4,grissini,0.10%,,,,,,,,,,
4,green cabbage,0.10%,,,,,,,,,,
4,golden brown sugar,0.10%,,,,,,,,,,
4,fresh goat cheese,0.10%,,,,,,,,,,
4,focaccia,0.10%,,,,,,,,,,
4,fennel,0.10%,,,,,,,,,,
4,fat free sour cream,0.10%,,,,,,,,,,
4,curry powder,0.10%,,,,,,,,,,
4,crystallized ginger,0.10%,,,,,,,,,,
4,crust,0.10%,,,,,,,,,,
4,cranberries,0.10%,,,,,,,,,,
4,condensed tomato soup,0.10%,,,,,,,,,,
4,coffee ice cream,0.10%,,,,,,,,,,
4,clove,0.10%,,,,,,,,,,
4,cinnamon stick,0.10%,,,,,,,,,,
4,chocolate-hazelnut spread,0.10%,,,,,,,,,,
4,chile pepper,0.10%,,,,,,,,,,
4,chiffonade,0.10%,,,,,,,,,,
4,chicken meat,0.10%,,,,,,,,,,
4,chicken livers,0.10%,,,,,,,,,,
4,cherries,0.10%,,,,,,,,,,
4,carnaroli,0.10%,,,,,,,,,,
4,bulbs fennel,0.10%,,,,,,,,,,
4,brussels sprouts,0.10%,,,,,,,,,,
4,breadcrumb,0.10%,,,,,,,,,,
4,boneless pork loin roast,0.10%,,,,,,,,,,
4,boiling potatoes,0.10%,,,,,,,,,,
4,beet greens,0.10%,,,,,,,,,,
4,beef bouillon,0.10%,,,,,,,,,,
4,baby carrots,0.10%,,,,,,,,,,
4,anise seeds,0.10%,,,,,,,,,,
4,anise seed,0.10%,,,,,,,,,,
4,% low-fat milk,0.10%,,,,,,,,,,
4, softened,0.10%,,,,,,,,,,
3,whole wheat spaghetti,0.08%,,,,,,,,,,
3,white vinegar,0.08%,,,,,,,,,,
3,white button mushrooms,0.08%,,,,,,,,,,
3,whiskey,0.08%,,,,,,,,,,
3,walnut,0.08%,,,,,,,,,,
3,virgin olive oil,0.08%,,,,,,,,,,
3,vermicelli,0.08%,,,,,,,,,,
3,veal shank,0.08%,,,,,,,,,,
3,veal scallopini,0.08%,,,,,,,,,,
3,vanilla wafers,0.08%,,,,,,,,,,
3,unsalted pistachios,0.08%,,,,,,,,,,
3,unbleached flour,0.08%,,,,,,,,,,
3,turkey cutlets,0.08%,,,,,,,,,,
3,table salt,0.08%,,,,,,,,,,
3,superfine sugar,0.08%,,,,,,,,,,
3,submarine rolls,0.08%,,,,,,,,,,
3,stock,0.08%,,,,,,,,,,
3,stick butter,0.08%,,,,,,,,,,
3,steak seasoning,0.08%,,,,,,,,,,
3,soppressata,0.08%,,,,,,,,,,
3,snow peas,0.08%,,,,,,,,,,
3,smoked gouda,0.08%,,,,,,,,,,
3,small curd cottage cheese,0.08%,,,,,,,,,,
3,slicing tomato,0.08%,,,,,,,,,,
3,skinless,0.08%,,,,,,,,,,
3,shrimp stock,0.08%,,,,,,,,,,
3,short pasta,0.08%,,,,,,,,,,
3,shiitake mushroom caps,0.08%,,,,,,,,,,
3,shiitake mushroom,0.08%,,,,,,,,,,
3,shiitake,0.08%,,,,,,,,,,
3,shelled pistachios,0.08%,,,,,,,,,,
3,semisweet mini chocolate chips,0.08%,,,,,,,,,,
3,semi sweet chocolate chips,0.08%,,,,,,,,,,
3,seeds,0.08%,,,,,,,,,,
3,seed,0.08%,,,,,,,,,,
3,seasoning mix,0.08%,,,,,,,,,,
3,seasoning,0.08%,,,,,,,,,,
3,seasoned salt,0.08%,,,,,,,,,,
3,scallion,0.08%,,,,,,,,,,
3,savoiardi,0.08%,,,,,,,,,,
3,sausages,0.08%,,,,,,,,,,
3,sardines,0.08%,,,,,,,,,,
3,salsa,0.08%,,,,,,,,,,
3,salad greens,0.08%,,,,,,,,,,
3,salad,0.08%,,,,,,,,,,
3,rye bread,0.08%,,,,,,,,,,
3,rump roast,0.08%,,,,,,,,,,
3,rosemary sprig,0.08%,,,,,,,,,,
3,roasted chicken,0.08%,,,,,,,,,,
3,risotto rice,0.08%,,,,,,,,,,
3,rich chicken stock,0.08%,,,,,,,,,,
3,refried beans,0.08%,,,,,,,,,,
3,reduced sodium canned chicken broth,0.08%,,,,,,,,,,
3,red leaf lettuce,0.08%,,,,,,,,,,
3,raw sugar,0.08%,,,,,,,,,,
3,prunes,0.08%,,,,,,,,,,
3,precooked meatballs,0.08%,,,,,,,,,,
3,portobello mushroom,0.08%,,,,,,,,,,
3,porterhouse steaks,0.08%,,,,,,,,,,
3,pork loin,0.08%,,,,,,,,,,
3,plums,0.08%,,,,,,,,,,
3,plain yogurt,0.08%,,,,,,,,,,
3,pitted date,0.08%,,,,,,,,,,
3,pepperoncini,0.08%,,,,,,,,,,
3,peppercorns,0.08%,,,,,,,,,,
3,pears,0.08%,,,,,,,,,,
3,pastry,0.08%,,,,,,,,,,
3,pappardelle,0.08%,,,,,,,,,,
3,panettone,0.08%,,,,,,,,,,
3,old bread,0.08%,,,,,,,,,,
3,nutella,0.08%,,,,,,,,,,
3,navel oranges,0.08%,,,,,,,,,,
3,nasturtium,0.08%,,,,,,,,,,
3,muenster cheese,0.08%,,,,,,,,,,
3,mostaccioli,0.08%,,,,,,,,,,
3,monterey jack cheese,0.08%,,,,,,,,,,
3,miniature semisweet chocolate chips,0.08%,,,,,,,,,,
3,manchego cheese,0.08%,,,,,,,,,,
3,low-fat ricotta cheese,0.08%,,,,,,,,,,
3,low sodium vegetable broth,0.08%,,,,,,,,,,
3,loosely packed fresh basil leaves,0.08%,,,,,,,,,,
3,long grain white rice,0.08%,,,,,,,,,,
3,liquid,0.08%,,,,,,,,,,
3,links,0.08%,,,,,,,,,,
3,lime juice,0.08%,,,,,,,,,,
3,lime,0.08%,,,,,,,,,,
3,lentils,0.08%,,,,,,,,,,
3,lemon extract,0.08%,,,,,,,,,,
3,lasagna,0.08%,,,,,,,,,,
3,large garlic clove,0.08%,,,,,,,,,,
3,lacinato kale,0.08%,,,,,,,,,,
3,king crab,0.08%,,,,,,,,,,
3,jalapeno pepper,0.08%,,,,,,,,,,
3,italian sweet sausage,0.08%,,,,,,,,,,
3,italian plum tomato,0.08%,,,,,,,,,,
3,italian chicken sausage,0.08%,,,,,,,,,,
3,instant espresso powder,0.08%,,,,,,,,,,
3,hot pepper,0.08%,,,,,,,,,,
3,honeydew melon,0.08%,,,,,,,,,,
3,herbes de provence,0.08%,,,,,,,,,,
3,herbes,0.08%,,,,,,,,,,
3,herb,0.08%,,,,,,,,,,
3,gruyere,0.08%,,,,,,,,,,
3,ground mustard,0.08%,,,,,,,,,,
3,ground chuck,0.08%,,,,,,,,,,
3,ground chicken,0.08%,,,,,,,,,,
3,grill seasoning,0.08%,,,,,,,,,,
3,green lentil,0.08%,,,,,,,,,,
3,grappa,0.08%,,,,,,,,,,
3,gorgonzola dolce,0.08%,,,,,,,,,,
3,globe eggplant,0.08%,,,,,,,,,,
3,giardiniera,0.08%,,,,,,,,,,
3,fresh tomato,0.08%,,,,,,,,,,
3,fresh pasta,0.08%,,,,,,,,,,
3,fresh mozzarella ball,0.08%,,,,,,,,,,
3,french green lentils,0.08%,,,,,,,,,,
3,french baguette,0.08%,,,,,,,,,,
3,flounder fillets,0.08%,,,,,,,,,,
3,fleur de sel,0.08%,,,,,,,,,,
3,fish stock,0.08%,,,,,,,,,,
3,fillets,0.08%,,,,,,,,,,
3,feta,0.08%,,,,,,,,,,
3,fat-free chicken broth,0.08%,,,,,,,,,,
3,fat free ricotta,0.08%,,,,,,,,,,
3,fat free cream cheese,0.08%,,,,,,,,,,
3,dry pasta,0.08%,,,,,,,,,,
3,dried cherries,0.08%,,,,,,,,,,
3,ditalini pasta,0.08%,,,,,,,,,,
3,distilled white vinegar,0.08%,,,,,,,,,,
3,dill weed,0.08%,,,,,,,,,,
3,dijon-style mustard,0.08%,,,,,,,,,,
3,deli ham,0.08%,,,,,,,,,,
3,dark turkey meat,0.08%,,,,,,,,,,
3,cutlet,0.08%,,,,,,,,,,
3,crushed pineapple,0.08%,,,,,,,,,,
3,crostini,0.08%,,,,,,,,,,
3,crosswise,0.08%,,,,,,,,,,
3,creole seasoning,0.08%,,,,,,,,,,
3,cream sherry,0.08%,,,,,,,,,,
3,crackers,0.08%,,,,,,,,,,
3,cracked black pepper,0.08%,,,,,,,,,,
3,crab,0.08%,,,,,,,,,,
3,couscous,0.08%,,,,,,,,,,
3,country style bread,0.08%,,,,,,,,,,
3,cooking wine,0.08%,,,,,,,,,,
3,cooking oil,0.08%,,,,,,,,,,
3,cooking liquid,0.08%,,,,,,,,,,
3,cooked rigatoni,0.08%,,,,,,,,,,
3,cooked meatballs,0.08%,,,,,,,,,,
3,coffee granules,0.08%,,,,,,,,,,
3,cod fillets,0.08%,,,,,,,,,,
3,cockles,0.08%,,,,,,,,,,
3,cloves,0.08%,,,,,,,,,,
3,chopped tomatoes,0.08%,,,,,,,,,,
3,chopped fresh sage,0.08%,,,,,,,,,,
3,chopped cilantro,0.08%,,,,,,,,,,
3,chocolate curls,0.08%,,,,,,,,,,
3,chili,0.08%,,,,,,,,,,
3,chiles,0.08%,,,,,,,,,,
3,chile,0.08%,,,,,,,,,,
3,chicken parts,0.08%,,,,,,,,,,
3,chicken bouillon cubes,0.08%,,,,,,,,,,
3,chianti,0.08%,,,,,,,,,,
3,chestnuts,0.08%,,,,,,,,,,
3,cherry tomato,0.08%,,,,,,,,,,
3,champagne vinegar,0.08%,,,,,,,,,,
3,celery stalks,0.08%,,,,,,,,,,
3,canned chopped tomatoes,0.08%,,,,,,,,,,
3,calamata olives,0.08%,,,,,,,,,,
3,button mushroom,0.08%,,,,,,,,,,
3,burgundy wine,0.08%,,,,,,,,,,
3,brine,0.08%,,,,,,,,,,
3,breadsticks,0.08%,,,,,,,,,,
3,bow-tie pasta,0.08%,,,,,,,,,,
3,black olive,0.08%,,,,,,,,,,
3,beef bouillon cubes,0.08%,,,,,,,,,,
3,bass fillets,0.08%,,,,,,,,,,
3,bartlett pears,0.08%,,,,,,,,,,
3,barley,0.08%,,,,,,,,,,
3,balsamic vinaigrette,0.08%,,,,,,,,,,
3,baby spinach leaves,0.08%,,,,,,,,,,
3,avocado,0.08%,,,,,,,,,,
3,andouille sausage,0.08%,,,,,,,,,,
3,anchovy fillet,0.08%,,,,,,,,,,
3,anchovy filets,0.08%,,,,,,,,,,
3,american cheese,0.08%,,,,,,,,,,
3,aioli,0.08%,,,,,,,,,,
3,1% low-fat cottage cheese,0.08%,,,,,,,,,,
3, skinless chicken breast halves,0.08%,,,,,,,,,,
3, boneless chicken breast halves,0.08%,,,,,,,,,,
2,yellow squashes,0.05%,,,,,,,,,,
2,whole wheat pasta,0.05%,,,,,,,,,,
2,whole wheat lasagna noodles,0.05%,,,,,,,,,,
2,whole wheat flour,0.05%,,,,,,,,,,
2,whole peeled tomatoes,0.05%,,,,,,,,,,
2,white sandwich bread,0.05%,,,,,,,,,,
2,white kidney beans,0.05%,,,,,,,,,,
2,whipped cream cheese,0.05%,,,,,,,,,,
2,wheat bread,0.05%,,,,,,,,,,
2,watermelon,0.05%,,,,,,,,,,
2,water packed tuna,0.05%,,,,,,,,,,
2,vinaigrette dressing,0.05%,,,,,,,,,,
2,vin santo,0.05%,,,,,,,,,,
2,vidalia,0.05%,,,,,,,,,,
2,venison,0.05%,,,,,,,,,,
2,vegetable bouillon,0.05%,,,,,,,,,,
2,veal chops,0.05%,,,,,,,,,,
2,vanilla beans,0.05%,,,,,,,,,,
2,turmeric,0.05%,,,,,,,,,,
2,turkey meatballs,0.05%,,,,,,,,,,
2,turkey bacon,0.05%,,,,,,,,,,
2,turbinado,0.05%,,,,,,,,,,
2,tubetti,0.05%,,,,,,,,,,
2,triple sec,0.05%,,,,,,,,,,
2,tortilla chips,0.05%,,,,,,,,,,
2,tortelloni,0.05%,,,,,,,,,,
2,topping,0.05%,,,,,,,,,,
2,tomatoes with juice,0.05%,,,,,,,,,,
2,toasted baguette,0.05%,,,,,,,,,,
2,tequila,0.05%,,,,,,,,,,
2,tenderloin,0.05%,,,,,,,,,,
2,teardrop tomatoes,0.05%,,,,,,,,,,
2,tapenade,0.05%,,,,,,,,,,
2,syrup,0.05%,,,,,,,,,,
2,swordfish steaks,0.05%,,,,,,,,,,
2,sweetener,0.05%,,,,,,,,,,
2,sweet paprika,0.05%,,,,,,,,,,
2,sweet italian pork sausage,0.05%,,,,,,,,,,
2,sweet cherries,0.05%,,,,,,,,,,
2,sweet butter,0.05%,,,,,,,,,,
2,sweet basil,0.05%,,,,,,,,,,
2,sun dried tomato dressing,0.05%,,,,,,,,,,
2,sun dried tomato,0.05%,,,,,,,,,,
2,spring onions,0.05%,,,,,,,,,,
2,splenda granular,0.05%,,,,,,,,,,
2,spirals,0.05%,,,,,,,,,,
2,sourdough,0.05%,,,,,,,,,,
2,solid white tuna,0.05%,,,,,,,,,,
2,snapper fillets,0.05%,,,,,,,,,,
2,smoked sausage,0.05%,,,,,,,,,,
2,small white beans,0.05%,,,,,,,,,,
2,small shell pasta,0.05%,,,,,,,,,,
2,small red potatoes,0.05%,,,,,,,,,,
2,skinless boneless turkey breast,0.05%,,,,,,,,,,
2,shredded extra sharp cheddar cheese,0.05%,,,,,,,,,,
2,shredded cabbage,0.05%,,,,,,,,,,
2,short-grain rice,0.05%,,,,,,,,,,
2,sherry wine vinegar,0.05%,,,,,,,,,,
2,sherry,0.05%,,,,,,,,,,
2,seeded,0.05%,,,,,,,,,,
2,sauvignon blanc,0.05%,,,,,,,,,,
2,sausage casing,0.05%,,,,,,,,,,
2,sanding sugar,0.05%,,,,,,,,,,
2,saltine crackers,0.05%,,,,,,,,,,
2,salted anchovies,0.05%,,,,,,,,,,
2,salsa verde,0.05%,,,,,,,,,,
2,salmon fillets,0.05%,,,,,,,,,,
2,salmon fillet,0.05%,,,,,,,,,,
2,rounds,0.05%,,,,,,,,,,
2,roasted red peppers,0.05%,,,,,,,,,,
2,roast beef,0.05%,,,,,,,,,,
2,reduced fat sharp cheddar cheese,0.05%,,,,,,,,,,
2,radishes,0.05%,,,,,,,,,,
2,rabbit,0.05%,,,,,,,,,,
2,quinoa,0.05%,,,,,,,,,,
2,pumpkin pie spice,0.05%,,,,,,,,,,
2,proscuitto,0.05%,,,,,,,,,,
2,prepared pizza crust,0.05%,,,,,,,,,,
2,prawns,0.05%,,,,,,,,,,
2,pot roast,0.05%,,,,,,,,,,
2,pork tenderloins,0.05%,,,,,,,,,,
2,pork,0.05%,,,,,,,,,,
2,poppy seeds,0.05%,,,,,,,,,,
2,pomegranate seeds,0.05%,,,,,,,,,,
2,pomegranate juice,0.05%,,,,,,,,,,
2,plain whole-milk yogurt,0.05%,,,,,,,,,,
2,pizza toppings,0.05%,,,,,,,,,,
2,pizza crusts,0.05%,,,,,,,,,,
2,pitted kalamata olives,0.05%,,,,,,,,,,
2,pitas,0.05%,,,,,,,,,,
2,pita bread rounds,0.05%,,,,,,,,,,
2,pinto beans,0.05%,,,,,,,,,,
2,pimiento stuffed olives,0.05%,,,,,,,,,,
2,pignolis,0.05%,,,,,,,,,,
2,pickled okra,0.05%,,,,,,,,,,
2,pickle,0.05%,,,,,,,,,,
2,picante sauce,0.05%,,,,,,,,,,
2,perciatelli,0.05%,,,,,,,,,,
2,peperoncini,0.05%,,,,,,,,,,
2,pecans,0.05%,,,,,,,,,,
2,pastry flour,0.05%,,,,,,,,,,
2,parmigiana-reggiano,0.05%,,,,,,,,,,
2,panini,0.05%,,,,,,,,,,
2,oranges,0.05%,,,,,,,,,,
2,orange rind,0.05%,,,,,,,,,,
2,onion soup mix,0.05%,,,,,,,,,,
2,oiled,0.05%,,,,,,,,,,
2,octopus,0.05%,,,,,,,,,,
2,nonstick cooking spray,0.05%,,,,,,,,,,
2,nonfat dry milk,0.05%,,,,,,,,,,
2,nonfat chicken broth,0.05%,,,,,,,,,,
2,non-fat cottage cheese,0.05%,,,,,,,,,,
2,new potatoes,0.05%,,,,,,,,,,
2,natural pistachios,0.05%,,,,,,,,,,
2,mustard powder,0.05%,,,,,,,,,,
2,moose,0.05%,,,,,,,,,,
2,molasses,0.05%,,,,,,,,,,
2,mission figs,0.05%,,,,,,,,,,
2,miniature chocolate chips,0.05%,,,,,,,,,,
2,meyer lemons,0.05%,,,,,,,,,,
2,medium shrimp,0.05%,,,,,,,,,,
2,meatball,0.05%,,,,,,,,,,
2,maraschino cherry,0.05%,,,,,,,,,,
2,maraschino cherries,0.05%,,,,,,,,,,
2,maple syrup,0.05%,,,,,,,,,,
2,mango,0.05%,,,,,,,,,,
2,madeira,0.05%,,,,,,,,,,
2,mace,0.05%,,,,,,,,,,
2,low-fat milk,0.05%,,,,,,,,,,
2,lobster meat,0.05%,,,,,,,,,,
2,lime zest,0.05%,,,,,,,,,,
2,light mayonnaise,0.05%,,,,,,,,,,
2,lettuce leaves,0.05%,,,,,,,,,,
2,lemon pepper,0.05%,,,,,,,,,,
2,lean ground pork,0.05%,,,,,,,,,,
2,leaf parsley,0.05%,,,,,,,,,,
2,lasagne,0.05%,,,,,,,,,,
2,large egg yolk,0.05%,,,,,,,,,,
2,lady fingers,0.05%,,,,,,,,,,
2,kielbasa,0.05%,,,,,,,,,,
2,kefir,0.05%,,,,,,,,,,
2,kale leaves,0.05%,,,,,,,,,,
2,kahlœa,0.05%,,,,,,,,,,
2,juniper berries,0.05%,,,,,,,,,,
2,jumbo shrimp,0.05%,,,,,,,,,,
2,juices,0.05%,,,,,,,,,,
2,jalapeno peppers,0.05%,,,,,,,,,,
2,jalapeno,0.05%,,,,,,,,,,
2,italian seasoned dry bread crumbs,0.05%,,,,,,,,,,
2,italian sandwich rolls,0.05%,,,,,,,,,,
2,italian bacon,0.05%,,,,,,,,,,
2,instant espresso granules,0.05%,,,,,,,,,,
2,instant chocolate pudding mix,0.05%,,,,,,,,,,
2,imitation crabmeat,0.05%,,,,,,,,,,
2,idaho potatoes,0.05%,,,,,,,,,,
2,ice water,0.05%,,,,,,,,,,
2,hot italian turkey sausage,0.05%,,,,,,,,,,
2,hot italian pork sausage,0.05%,,,,,,,,,,
2,hot dogs,0.05%,,,,,,,,,,
2,hot cherry pepper,0.05%,,,,,,,,,,
2,honey mustard,0.05%,,,,,,,,,,
2,homemade chicken broth,0.05%,,,,,,,,,,
2,hero rolls,0.05%,,,,,,,,,,
2,hen,0.05%,,,,,,,,,,
2,hearts of romaine,0.05%,,,,,,,,,,
2,hard shelled clams,0.05%,,,,,,,,,,
2,hamburger buns,0.05%,,,,,,,,,,
2,half & half,0.05%,,,,,,,,,,
2,ground espresso,0.05%,,,,,,,,,,
2,ground coriander,0.05%,,,,,,,,,,
2,greens,0.05%,,,,,,,,,,
2,green tomatoes,0.05%,,,,,,,,,,
2,grated cheese,0.05%,,,,,,,,,,
2,grapeseed oil,0.05%,,,,,,,,,,
2,garbanzo,0.05%,,,,,,,,,,
2,fusilli pasta,0.05%,,,,,,,,,,
2,fronds,0.05%,,,,,,,,,,
2,french loaf,0.05%,,,,,,,,,,
2,florets,0.05%,,,,,,,,,,
2,flatbreads,0.05%,,,,,,,,,,
2,flat anchovies,0.05%,,,,,,,,,,
2,fish fillets,0.05%,,,,,,,,,,
2,fish,0.05%,,,,,,,,,,
2,fine salt,0.05%,,,,,,,,,,
2,fettucine,0.05%,,,,,,,,,,
2,fat-free parmesan cheese,0.05%,,,,,,,,,,
2,extract,0.05%,,,,,,,,,,
2,evaporated fat free milk,0.05%,,,,,,,,,,
2,espresso beans,0.05%,,,,,,,,,,
2,english cucumber,0.05%,,,,,,,,,,
2,elbow pasta,0.05%,,,,,,,,,,
2,egg roll wrappers,0.05%,,,,,,,,,,
2,egg noodles,0.05%,,,,,,,,,,
2,dry mustard,0.05%,,,,,,,,,,
2,dried pasta,0.05%,,,,,,,,,,
2,dried pappardelle,0.05%,,,,,,,,,,
2,dried cranberries,0.05%,,,,,,,,,,
2,dressing,0.05%,,,,,,,,,,
2,double cream,0.05%,,,,,,,,,,
2,dinner rolls,0.05%,,,,,,,,,,
2,dark brown sugar,0.05%,,,,,,,,,,
2,cut up chickens,0.05%,,,,,,,,,,
2,croutons,0.05%,,,,,,,,,,
2,crescent rolls,0.05%,,,,,,,,,,
2,cream of chicken soup,0.05%,,,,,,,,,,
2,cream of celery soup,0.05%,,,,,,,,,,
2,crab meat,0.05%,,,,,,,,,,
2,country ham,0.05%,,,,,,,,,,
2,corn oil,0.05%,,,,,,,,,,
2,coriander seed,0.05%,,,,,,,,,,
2,cooked turkey,0.05%,,,,,,,,,,
2,cooked bacon,0.05%,,,,,,,,,,
2,confectioner's sugar,0.05%,,,,,,,,,,
2,condensed cream of mushroom soup,0.05%,,,,,,,,,,
2,cocoa,0.05%,,,,,,,,,,
2,club soda,0.05%,,,,,,,,,,
2,clam,0.05%,,,,,,,,,,
2,citron,0.05%,,,,,,,,,,
2,cilantro,0.05%,,,,,,,,,,
2,chunky salsa,0.05%,,,,,,,,,,
2,chunky,0.05%,,,,,,,,,,
2,chopped leaves,0.05%,,,,,,,,,,
2,chocolate hazelnut spread,0.05%,,,,,,,,,,
2,chilled prosecco,0.05%,,,,,,,,,,
2,chile peppers,0.05%,,,,,,,,,,
2,chicory,0.05%,,,,,,,,,,
2,chickpea flour,0.05%,,,,,,,,,,
2,chicken wings,0.05%,,,,,,,,,,
2,chicken sausage,0.05%,,,,,,,,,,
2,chicken flavor stuffing mix,0.05%,,,,,,,,,,
2,chicken drumsticks,0.05%,,,,,,,,,,
2,champagne,0.05%,,,,,,,,,,
2,celery root,0.05%,,,,,,,,,,
2,celery powder,0.05%,,,,,,,,,,
2,cavatelli,0.05%,,,,,,,,,,
2,caster sugar,0.05%,,,,,,,,,,
2,cassis,0.05%,,,,,,,,,,
2,capicola,0.05%,,,,,,,,,,
2,canned pumpkin,0.05%,,,,,,,,,,
2,canned chicken broth,0.05%,,,,,,,,,,
2,canned beef broth,0.05%,,,,,,,,,,
2,cane sugar,0.05%,,,,,,,,,,
2,candy sprinkles,0.05%,,,,,,,,,,
2,candied orange peel,0.05%,,,,,,,,,,
2,campari,0.05%,,,,,,,,,,
2,cakes,0.05%,,,,,,,,,,
2,burrata,0.05%,,,,,,,,,,
2,broccoli flowerets,0.05%,,,,,,,,,,
2,brie cheese,0.05%,,,,,,,,,,
2,bread machine yeast,0.05%,,,,,,,,,,
2,brazil nuts,0.05%,,,,,,,,,,
2,bowtie pasta,0.05%,,,,,,,,,,
2,bouillon,0.05%,,,,,,,,,,
2,boneless chuck roast,0.05%,,,,,,,,,,
2,boiling onions,0.05%,,,,,,,,,,
2,blanched almond,0.05%,,,,,,,,,,
2,black truffles,0.05%,,,,,,,,,,
2,black mission figs,0.05%,,,,,,,,,,
2,barolo,0.05%,,,,,,,,,,
2,barilla,0.05%,,,,,,,,,,
2,baking potato,0.05%,,,,,,,,,,
2,bacon bits,0.05%,,,,,,,,,,
2,baby greens,0.05%,,,,,,,,,,
2,asiago,0.05%,,,,,,,,,,
2,apricots,0.05%,,,,,,,,,,
2,apple juice,0.05%,,,,,,,,,,
2,aniseed,0.05%,,,,,,,,,,
2,acorn squash,0.05%,,,,,,,,,,
2,Amaretti Cookies,0.05%,,,,,,,,,,
2,% less sodium chicken broth,0.05%,,,,,,,,,,
2,% milk,0.05%,,,,,,,,,,
2, skinless chicken breasts,0.05%,,,,,,,,,,
2, cooked and drained,0.05%,,,,,,,,,,
1,ziti pasta cooked and drained,0.03%,,,,,,,,,,
1,zinfandel,0.03%,,,,,,,,,,
1,zabaglione,0.03%,,,,,,,,,,
1,yukon gold potato,0.03%,,,,,,,,,,
1,yukon gold,0.03%,,,,,,,,,,
1,young leeks,0.03%,,,,,,,,,,
1,yolks,0.03%,,,,,,,,,,
1,yellowtail snapper fillets,0.03%,,,,,,,,,,
1,yellow crookneck squash,0.03%,,,,,,,,,,
1,yams,0.03%,,,,,,,,,,
1,worcestershire,0.03%,,,,,,,,,,
1,won ton wrappers,0.03%,,,,,,,,,,
1,wish-bone robusto italian dressing,0.03%,,,,,,,,,,
1,whole wheat uncooked lasagna noodles,0.03%,,,,,,,,,,
1,whole wheat rotini pasta,0.03%,,,,,,,,,,
1,whole wheat penne,0.03%,,,,,,,,,,
1,whole wheat pastry flour,0.03%,,,,,,,,,,
1,whole wheat linguine,0.03%,,,,,,,,,,
1,whole wheat fusilli,0.03%,,,,,,,,,,
1,whole wheat fettuccine,0.03%,,,,,,,,,,
1,whole wheat breadcrumbs,0.03%,,,,,,,,,,
1,whole nutmegs,0.03%,,,,,,,,,,
1,whole kernel corn,0.03%,,,,,,,,,,
1,whole grain bread,0.03%,,,,,,,,,,
1,whole cloves,0.03%,,,,,,,,,,
1,white-fleshed fish,0.03%,,,,,,,,,,
1,white zinfandel,0.03%,,,,,,,,,,
1,white tuna in water,0.03%,,,,,,,,,,
1,white onions,0.03%,,,,,,,,,,
1,white hominy,0.03%,,,,,,,,,,
1,white flour,0.03%,,,,,,,,,,
1,white eggplant,0.03%,,,,,,,,,,
1,white distilled vinegar,0.03%,,,,,,,,,,
1,white corn,0.03%,,,,,,,,,,
1,white cake mix,0.03%,,,,,,,,,,
1,whipped butter,0.03%,,,,,,,,,,
1,wheels,0.03%,,,,,,,,,,
1,wheat germ,0.03%,,,,,,,,,,
1,wheat berries,0.03%,,,,,,,,,,
1,waxy potato,0.03%,,,,,,,,,,
1,wasabi powder,0.03%,,,,,,,,,,
1,walnut oil,0.03%,,,,,,,,,,
1,wafer,0.03%,,,,,,,,,,
1,vermouth,0.03%,,,,,,,,,,
1,verjus,0.03%,,,,,,,,,,
1,vegetable soup,0.03%,,,,,,,,,,
1,vegetable juice cocktail,0.03%,,,,,,,,,,
1,veal stew meat,0.03%,,,,,,,,,,
1,veal scallops,0.03%,,,,,,,,,,
1,veal escalopes,0.03%,,,,,,,,,,
1,vanilla sugar,0.03%,,,,,,,,,,
1,vanilla pudding,0.03%,,,,,,,,,,
1,vanilla flavor instant pudding,0.03%,,,,,,,,,,
1,vanilla essence,0.03%,,,,,,,,,,
1,vanilla cream,0.03%,,,,,,,,,,
1,vanilla cake mix,0.03%,,,,,,,,,,
1,unsweetened chocolate,0.03%,,,,,,,,,,
1,unsalted roasted pistachios,0.03%,,,,,,,,,,
1,uncooked lasagna,0.03%,,,,,,,,,,
1,unbaked pie crusts,0.03%,,,,,,,,,,
1,twinkies,0.03%,,,,,,,,,,
1,turnips,0.03%,,,,,,,,,,
1,turkish bay leaf,0.03%,,,,,,,,,,
1,turkey stock,0.03%,,,,,,,,,,
1,turkey kielbasa,0.03%,,,,,,,,,,
1,turkey giblet stock,0.03%,,,,,,,,,,
1,turkey breakfast sausage,0.03%,,,,,,,,,,
1,turbinado sugar,0.03%,,,,,,,,,,
1,tuna steak,0.03%,,,,,,,,,,
1,tuna drained and flaked,0.03%,,,,,,,,,,
1,tubettini,0.03%,,,,,,,,,,
1,tripe,0.03%,,,,,,,,,,
1,treviso radicchio,0.03%,,,,,,,,,,
1,tortillas,0.03%,,,,,,,,,,
1,top sirloin steak,0.03%,,,,,,,,,,
1,top sirloin,0.03%,,,,,,,,,,
1,top round steak,0.03%,,,,,,,,,,
1,top loin steak,0.03%,,,,,,,,,,
1,tomato soup,0.03%,,,,,,,,,,
1,tomato sauce low sodium,0.03%,,,,,,,,,,
1,tofu,0.03%,,,,,,,,,,
1,toasted sesame seeds,0.03%,,,,,,,,,,
1,toasted sesame oil,0.03%,,,,,,,,,,
1,tilapia,0.03%,,,,,,,,,,
1,tia maria,0.03%,,,,,,,,,,
1,thousand island dressing,0.03%,,,,,,,,,,
1,thin pizza crust,0.03%,,,,,,,,,,
1,tentacles,0.03%,,,,,,,,,,
1,tea bags,0.03%,,,,,,,,,,
1,tart crust,0.03%,,,,,,,,,,
1,tarragon vinegar,0.03%,,,,,,,,,,
1,taleggio,0.03%,,,,,,,,,,
1,tagliatelle,0.03%,,,,,,,,,,
1,taco shells,0.03%,,,,,,,,,,
1,taco seasoning,0.03%,,,,,,,,,,
1,sweet vermouth,0.03%,,,,,,,,,,
1,sweet turkey sausage,0.03%,,,,,,,,,,
1,sweet sopressata,0.03%,,,,,,,,,,
1,sweet peppers,0.03%,,,,,,,,,,
1,sweet onions,0.03%,,,,,,,,,,
1,sweet fennel,0.03%,,,,,,,,,,
1,sweet cream butter,0.03%,,,,,,,,,,
1,sweet baking chocolate,0.03%,,,,,,,,,,
1,sweet and sour mix,0.03%,,,,,,,,,,
1,swanson chicken stock,0.03%,,,,,,,,,,
1,sunflower sprouts,0.03%,,,,,,,,,,
1,summer squashes,0.03%,,,,,,,,,,
1,sugar substitute,0.03%,,,,,,,,,,
1,sugar pumpkin,0.03%,,,,,,,,,,
1,sugar ice cream cones,0.03%,,,,,,,,,,
1,sub rolls,0.03%,,,,,,,,,,
1,stuffed,0.03%,,,,,,,,,,
1,strip steaks,0.03%,,,,,,,,,,
1,string cheese,0.03%,,,,,,,,,,
1,strawberry preserves,0.03%,,,,,,,,,,
1,strawberry jelly,0.03%,,,,,,,,,,
1,strawberry ice cream,0.03%,,,,,,,,,,
1,stracchino,0.03%,,,,,,,,,,
1,stone-ground cornmeal,0.03%,,,,,,,,,,
1,stinging nettle,0.03%,,,,,,,,,,
1,steel-cut oats,0.03%,,,,,,,,,,
1,steak sauce,0.03%,,,,,,,,,,
1,steak,0.03%,,,,,,,,,,
1,starch,0.03%,,,,,,,,,,
1,sriracha,0.03%,,,,,,,,,,
1,sprouts,0.03%,,,,,,,,,,
1,sponge cakes,0.03%,,,,,,,,,,
1,splenda,0.03%,,,,,,,,,,
1,spiral,0.03%,,,,,,,,,,
1,spicy sausage,0.03%,,,,,,,,,,
1,spice,0.03%,,,,,,,,,,
1,spelt flour,0.03%,,,,,,,,,,
1,speck,0.03%,,,,,,,,,,
1,spanish chorizo,0.03%,,,,,,,,,,
1,soybeans,0.03%,,,,,,,,,,
1,soy flour,0.03%,,,,,,,,,,
1,soy cheese,0.03%,,,,,,,,,,
1,soy,0.03%,,,,,,,,,,
1,sourdough starter,0.03%,,,,,,,,,,
1,sorrel,0.03%,,,,,,,,,,
1,sorbet,0.03%,,,,,,,,,,
1,sopressata,0.03%,,,,,,,,,,
1,soft rolls,0.03%,,,,,,,,,,
1,snap peas,0.03%,,,,,,,,,,
1,snap pea,0.03%,,,,,,,,,,
1,smoked trout,0.03%,,,,,,,,,,
1,smoked bacon,0.03%,,,,,,,,,,
1,slivered almond,0.03%,,,,,,,,,,
1,sliced black olives,0.03%,,,,,,,,,,
1,skirt steaks,0.03%,,,,,,,,,,
1,skirt steak,0.03%,,,,,,,,,,
1,skinless chicken breast,0.03%,,,,,,,,,,
1,simple syrup,0.03%,,,,,,,,,,
1,sicilian olive,0.03%,,,,,,,,,,
1,sicilian,0.03%,,,,,,,,,,
1,shredded low-fat mozzarella cheese,0.03%,,,,,,,,,,
1,shredded lettuce,0.03%,,,,,,,,,,
1,shredded colby,0.03%,,,,,,,,,,
1,shredded cheddar,0.03%,,,,,,,,,,
1,shoulder roast,0.03%,,,,,,,,,,
1,shortbread,0.03%,,,,,,,,,,
1,sherry wine,0.03%,,,,,,,,,,
1,shelled,0.03%,,,,,,,,,,
1,sesame oil,0.03%,,,,,,,,,,
1,sesame,0.03%,,,,,,,,,,
1,semifreddo,0.03%,,,,,,,,,,
1,self-rising cake flour,0.03%,,,,,,,,,,
1,seitan,0.03%,,,,,,,,,,
1,seedless cucumber,0.03%,,,,,,,,,,
1,seaweed,0.03%,,,,,,,,,,
1,seasoning rub,0.03%,,,,,,,,,,
1,seasoned,0.03%,,,,,,,,,,
1,season salt,0.03%,,,,,,,,,,
1,seafood seasoning,0.03%,,,,,,,,,,
1,sea bass fillets,0.03%,,,,,,,,,,
1,sea bass,0.03%,,,,,,,,,,
1,scamorza,0.03%,,,,,,,,,,
1,scallion greens,0.03%,,,,,,,,,,
1,savory,0.03%,,,,,,,,,,
1,savoiardi cookies,0.03%,,,,,,,,,,
1,sausage meat,0.03%,,,,,,,,,,
1,sausage casings,0.03%,,,,,,,,,,
1,sauerkraut,0.03%,,,,,,,,,,
1,satsuma orange,0.03%,,,,,,,,,,
1,satsuma,0.03%,,,,,,,,,,
1,sandwich rolls,0.03%,,,,,,,,,,
1,sandwich bread,0.03%,,,,,,,,,,
1,salmon,0.03%,,,,,,,,,,
1,salad oil,0.03%,,,,,,,,,,
1,saba,0.03%,,,,,,,,,,
1,rum extract,0.03%,,,,,,,,,,
1,ruby port,0.03%,,,,,,,,,,
1,rubbed sage,0.03%,,,,,,,,,,
1,rub,0.03%,,,,,,,,,,
1,rounded,0.03%,,,,,,,,,,
1,round loaf,0.03%,,,,,,,,,,
1,rotisserie chicken,0.03%,,,,,,,,,,
1,rotini pasta,0.03%,,,,,,,,,,
1,rotel tomatoes,0.03%,,,,,,,,,,
1,rotel,0.03%,,,,,,,,,,
1,rolled oats,0.03%,,,,,,,,,,
1,rocket,0.03%,,,,,,,,,,
1,rock shrimp,0.03%,,,,,,,,,,
1,roasting chicken,0.03%,,,,,,,,,,
1,roasted pistachios,0.03%,,,,,,,,,,
1,roasted garlic oil,0.03%,,,,,,,,,,
1,roast,0.03%,,,,,,,,,,
1,ritz cracker,0.03%,,,,,,,,,,
1,ribeye steak,0.03%,,,,,,,,,,
1,rib-eye steak,0.03%,,,,,,,,,,
1,rib,0.03%,,,,,,,,,,
1,refrigerated pizza dough,0.03%,,,,,,,,,,
1,refrigerated pie crusts,0.03%,,,,,,,,,,
1,refrigerated four cheese ravioli,0.03%,,,,,,,,,,
1,reduced-calorie sweetener,0.03%,,,,,,,,,,
1,reduced sodium condensed cream of chicken soup,0.03%,,,,,,,,,,
1,reduced sodium chicken stock,0.03%,,,,,,,,,,
1,reduced fat swiss cheese,0.03%,,,,,,,,,,
1,reduced fat sour cream,0.03%,,,,,,,,,,
1,reduced fat shredded cheddar cheese,0.03%,,,,,,,,,,
1,reduced fat ricotta cheese,0.03%,,,,,,,,,,
1,reduced fat reduced sodium cream of chicken soup,0.03%,,,,,,,,,,
1,reduced fat provolone cheese,0.03%,,,,,,,,,,
1,reduced fat mozzarella cheese,0.03%,,,,,,,,,,
1,reduced fat mayonnaise,0.03%,,,,,,,,,,
1,reduced fat alfredo sauce,0.03%,,,,,,,,,,
1,red-skinned potato,0.03%,,,,,,,,,,
1,red vermouth,0.03%,,,,,,,,,,
1,red swiss chard,0.03%,,,,,,,,,,
1,red snapper fillets,0.03%,,,,,,,,,,
1,red skinned potatoes,0.03%,,,,,,,,,,
1,red pepper sauce,0.03%,,,,,,,,,,
1,red lentil,0.03%,,,,,,,,,,
1,red grapes,0.03%,,,,,,,,,,
1,red chard,0.03%,,,,,,,,,,
1,red beets,0.03%,,,,,,,,,,
1,red beet,0.03%,,,,,,,,,,
1,red beans,0.03%,,,,,,,,,,
1,raspberry syrup,0.03%,,,,,,,,,,
1,raspberry,0.03%,,,,,,,,,,
1,radiatori,0.03%,,,,,,,,,,
1,rack of lamb,0.03%,,,,,,,,,,
1,quinoa flour,0.03%,,,,,,,,,,
1,quick-cooking barley,0.03%,,,,,,,,,,
1,quail eggs,0.03%,,,,,,,,,,
1,pumpkin seeds,0.03%,,,,,,,,,,
1,puff pastry,0.03%,,,,,,,,,,
1,proscuitto di parma,0.03%,,,,,,,,,,
1,processed cheese,0.03%,,,,,,,,,,
1,preserves,0.03%,,,,,,,,,,
1,prepared polenta,0.03%,,,,,,,,,,
1,prepared pesto,0.03%,,,,,,,,,,
1,prepared mustard,0.03%,,,,,,,,,,
1,poundcake,0.03%,,,,,,,,,,
1,potato starch,0.03%,,,,,,,,,,
1,potato flakes,0.03%,,,,,,,,,,
1,portobello caps,0.03%,,,,,,,,,,
1,portabella mushrooms,0.03%,,,,,,,,,,
1,port wine,0.03%,,,,,,,,,,
1,port,0.03%,,,,,,,,,,
1,pork tenderloin,0.03%,,,,,,,,,,
1,pork loin chops,0.03%,,,,,,,,,,
1,pork cutlets,0.03%,,,,,,,,,,
1,pork butt,0.03%,,,,,,,,,,
1,poire williams,0.03%,,,,,,,,,,
1,poblano peppers,0.03%,,,,,,,,,,
1,plum,0.03%,,,,,,,,,,
1,plain low-fat greek yogurt,0.03%,,,,,,,,,,
1,plain greek yogurt,0.03%,,,,,,,,,,
1,plain flour,0.03%,,,,,,,,,,
1,plain dry bread crumbs,0.03%,,,,,,,,,,
1,pizza topping,0.03%,,,,,,,,,,
1,pizza shells,0.03%,,,,,,,,,,
1,pizza shell,0.03%,,,,,,,,,,
1,pita breads,0.03%,,,,,,,,,,
1,pistachio,0.03%,,,,,,,,,,
1,pinot noir,0.03%,,,,,,,,,,
1,pineapple chunks,0.03%,,,,,,,,,,
1,pineapple,0.03%,,,,,,,,,,
1,pimientos,0.03%,,,,,,,,,,
1,pimiento stuffed green olives,0.03%,,,,,,,,,,
1,pimiento,0.03%,,,,,,,,,,
1,pie shell,0.03%,,,,,,,,,,
1,picholine,0.03%,,,,,,,,,,
1,philadelphia cream cheese,0.03%,,,,,,,,,,
1,persimmons,0.03%,,,,,,,,,,
1,pepper jack cheese,0.03%,,,,,,,,,,
1,pepato,0.03%,,,,,,,,,,
1,pekin duck breast halves,0.03%,,,,,,,,,,
1,peasant bread,0.03%,,,,,,,,,,
1,pearled barley,0.03%,,,,,,,,,,
1,pear tomatoes,0.03%,,,,,,,,,,
1,pear brandy,0.03%,,,,,,,,,,
1,peach schnapps,0.03%,,,,,,,,,,
1,peach preserves,0.03%,,,,,,,,,,
1,peach,0.03%,,,,,,,,,,
1,pea,0.03%,,,,,,,,,,
1,pattypan squash,0.03%,,,,,,,,,,
1,pastry dough,0.03%,,,,,,,,,,
1,pastrami,0.03%,,,,,,,,,,
1,pastina,0.03%,,,,,,,,,,
1,paste tomato,0.03%,,,,,,,,,,
1,pasta tubes,0.03%,,,,,,,,,,
1,part-skim ricotta cheese,0.03%,,,,,,,,,,
1,part skim mozzarella,0.03%,,,,,,,,,,
1,parsnips,0.03%,,,,,,,,,,
1,parmigianno reggiano,0.03%,,,,,,,,,,
1,parma ham,0.03%,,,,,,,,,,
1,parchment paper,0.03%,,,,,,,,,,
1,panko breadcrumbs,0.03%,,,,,,,,,,
1,panko bread crumbs,0.03%,,,,,,,,,,
1,pancake mix,0.03%,,,,,,,,,,
1,oysters,0.03%,,,,,,,,,,
1,other,0.03%,,,,,,,,,,
1,orange marmalade,0.03%,,,,,,,,,,
1,orange juice concentrate,0.03%,,,,,,,,,,
1,orange extract,0.03%,,,,,,,,,,
1,orange blossom honey,0.03%,,,,,,,,,,
1,onion soup,0.03%,,,,,,,,,,
1,onion salt,0.03%,,,,,,,,,,
1,oil packed dried tomatoes,0.03%,,,,,,,,,,
1,oil cured olives,0.03%,,,,,,,,,,
1,offset spatula,0.03%,,,,,,,,,,
1,octopuses,0.03%,,,,,,,,,,
1,nonstick vegetable oil cooking spray,0.03%,,,,,,,,,,
1,nonfat sour cream,0.03%,,,,,,,,,,
1,nonfat ricotta cheese,0.03%,,,,,,,,,,
1,nonfat plain yogurt,0.03%,,,,,,,,,,
1,nonfat plain greek yogurt,0.03%,,,,,,,,,,
1,nonfat evaporated milk,0.03%,,,,,,,,,,
1,nonfat dry milk powder,0.03%,,,,,,,,,,
1,nonfat cottage cheese,0.03%,,,,,,,,,,
1,nonfat buttermilk,0.03%,,,,,,,,,,
1,nilla wafers,0.03%,,,,,,,,,,
1,nicoise olives,0.03%,,,,,,,,,,
1,new york steak,0.03%,,,,,,,,,,
1,neufchatel cheese,0.03%,,,,,,,,,,
1,nettle leaves,0.03%,,,,,,,,,,
1,nectarine,0.03%,,,,,,,,,,
1,navy bean,0.03%,,,,,,,,,,
1,navel orange,0.03%,,,,,,,,,,
1,mustard seed,0.03%,,,,,,,,,,
1,muffins,0.03%,,,,,,,,,,
1,muffin,0.03%,,,,,,,,,,
1,mozzarella ball,0.03%,,,,,,,,,,
1,morsels,0.03%,,,,,,,,,,
1,moose meat,0.03%,,,,,,,,,,
1,monterey jack,0.03%,,,,,,,,,,
1,monosodium glutamate,0.03%,,,,,,,,,,
1,monkfish,0.03%,,,,,,,,,,
1,mizuna,0.03%,,,,,,,,,,
1,mixed seafood,0.03%,,,,,,,,,,
1,mixed boneless seafood,0.03%,,,,,,,,,,
1,mixed berries,0.03%,,,,,,,,,,
1,minute rice,0.03%,,,,,,,,,,
1,mini chocolate chips,0.03%,,,,,,,,,,
1,minestrone soup,0.03%,,,,,,,,,,
1,minced beef,0.03%,,,,,,,,,,
1,microgreens,0.03%,,,,,,,,,,
1,meatloaf,0.03%,,,,,,,,,,
1,meat cuts,0.03%,,,,,,,,,,
1,matzos,0.03%,,,,,,,,,,
1,mashed potatoes,0.03%,,,,,,,,,,
1,marshmallow creme,0.03%,,,,,,,,,,
1,marrons,0.03%,,,,,,,,,,
1,marinade,0.03%,,,,,,,,,,
1,manila clam,0.03%,,,,,,,,,,
1,malt syrup,0.03%,,,,,,,,,,
1,maldon sea salt,0.03%,,,,,,,,,,
1,madeira wine,0.03%,,,,,,,,,,
1,macaroons,0.03%,,,,,,,,,,
1,macadamia nuts,0.03%,,,,,,,,,,
1,lowfat ricotta,0.03%,,,,,,,,,,
1,lowfat mozzarella cheese,0.03%,,,,,,,,,,
1,lower sodium beef broth,0.03%,,,,,,,,,,
1,low-fat swiss cheese,0.03%,,,,,,,,,,
1,low-fat sour cream,0.03%,,,,,,,,,,
1,low-fat pasta sauce,0.03%,,,,,,,,,,
1,low-fat mozzarella cheese,0.03%,,,,,,,,,,
1,low-fat mayonnaise,0.03%,,,,,,,,,,
1,low-fat marinara sauce,0.03%,,,,,,,,,,
1,low-fat cream cheese,0.03%,,,,,,,,,,
1,low-fat chicken broth,0.03%,,,,,,,,,,
1,low-fat balsamic vinaigrette,0.03%,,,,,,,,,,
1,low sodium tomato sauce,0.03%,,,,,,,,,,
1,low sodium tomato juice,0.03%,,,,,,,,,,
1,low sodium salt,0.03%,,,,,,,,,,
1,low sodium kidney beans,0.03%,,,,,,,,,,
1,low sodium crushed tomatoes,0.03%,,,,,,,,,,
1,low sodium chicken,0.03%,,,,,,,,,,
1,low sodium canellini beans,0.03%,,,,,,,,,,
1,low fat prepared pasta sauce,0.03%,,,,,,,,,,
1,low fat firm silken tofu,0.03%,,,,,,,,,,
1,low fat cottage cheese,0.03%,,,,,,,,,,
1,long-grain rice,0.03%,,,,,,,,,,
1,long pasta,0.03%,,,,,,,,,,
1,long grain rice,0.03%,,,,,,,,,,
1,loin pork roast,0.03%,,,,,,,,,,
1,loin chops,0.03%,,,,,,,,,,
1,loin,0.03%,,,,,,,,,,
1,lobster,0.03%,,,,,,,,,,
1,liquid smoke,0.03%,,,,,,,,,,
1,lipton onion soup mix,0.03%,,,,,,,,,,
1,limes,0.03%,,,,,,,,,,
1,lime rind,0.03%,,,,,,,,,,
1,lima beans,0.03%,,,,,,,,,,
1,light corn syrup,0.03%,,,,,,,,,,
1,light coconut milk,0.03%,,,,,,,,,,
1,light chicken stock,0.03%,,,,,,,,,,
1,light balsamic vinaigrette,0.03%,,,,,,,,,,
1,light alfredo sauce,0.03%,,,,,,,,,,
1,leg of lamb,0.03%,,,,,,,,,,
1,lasagna noodle,0.03%,,,,,,,,,,
1,lard,0.03%,,,,,,,,,,
1,lamb shanks,0.03%,,,,,,,,,,
1,lamb shank,0.03%,,,,,,,,,,
1,lamb,0.03%,,,,,,,,,,
1,ladyfinger,0.03%,,,,,,,,,,
1,kumquats,0.03%,,,,,,,,,,
1,knox unflavored gelatin,0.03%,,,,,,,,,,
1,kiwi,0.03%,,,,,,,,,,
1,kirschwasser,0.03%,,,,,,,,,,
1,kirby cucumbers,0.03%,,,,,,,,,,
1,king salmon,0.03%,,,,,,,,,,
1,jumbo shells,0.03%,,,,,,,,,,
1,jumbo shell pasta,0.03%,,,,,,,,,,
1,jumbo pasta shells,0.03%,,,,,,,,,,
1,jasmine rice,0.03%,,,,,,,,,,
1,japanese eggplants,0.03%,,,,,,,,,,
1,jack cheese,0.03%,,,,,,,,,,
1,italian seasonings,0.03%,,,,,,,,,,
1,italian pork sausage,0.03%,,,,,,,,,,
1,italian pizza crust,0.03%,,,,,,,,,,
1,italian mushroom,0.03%,,,,,,,,,,
1,italian meatballs,0.03%,,,,,,,,,,
1,italian loaf,0.03%,,,,,,,,,,
1,italian essence,0.03%,,,,,,,,,,
1,italian cream cheese,0.03%,,,,,,,,,,
1,irish cream liqueur,0.03%,,,,,,,,,,
1,instant vanilla pudding mix,0.03%,,,,,,,,,,
1,instant espresso,0.03%,,,,,,,,,,
1,icing sugar,0.03%,,,,,,,,,,
1,icing,0.03%,,,,,,,,,,
1,iceberg lettuce,0.03%,,,,,,,,,,
1,i can't believe it's not butter! spread,0.03%,,,,,,,,,,
1,hungarian paprika,0.03%,,,,,,,,,,
1,hubbard squash,0.03%,,,,,,,,,,
1,hp steak sauce,0.03%,,,,,,,,,,
1,house seasoning,0.03%,,,,,,,,,,
1,hothouse cucumbers,0.03%,,,,,,,,,,
1,hothouse cucumber,0.03%,,,,,,,,,,
1,hot sopressata,0.03%,,,,,,,,,,
1,hot italian turkey sausage links,0.03%,,,,,,,,,,
1,hot dog bun,0.03%,,,,,,,,,,
1,homemade turkey stock,0.03%,,,,,,,,,,
1,homemade meat broth,0.03%,,,,,,,,,,
1,hog casings,0.03%,,,,,,,,,,
1,hoagie buns,0.03%,,,,,,,,,,
1,herbs de provence,0.03%,,,,,,,,,,
1,herb vinegar,0.03%,,,,,,,,,,
1,herb & spice mixes,0.03%,,,,,,,,,,
1,hellmann's or best foods real mayonnaise,0.03%,,,,,,,,,,
1,heirloom tomato,0.03%,,,,,,,,,,
1,heath bar,0.03%,,,,,,,,,,
1,hearts,0.03%,,,,,,,,,,
1,hazelnut liqueur,0.03%,,,,,,,,,,
1,havarti,0.03%,,,,,,,,,,
1,hash browns,0.03%,,,,,,,,,,
1,haricots verts,0.03%,,,,,,,,,,
1,hard rolls,0.03%,,,,,,,,,,
1,haddock,0.03%,,,,,,,,,,
1,guinea hens,0.03%,,,,,,,,,,
1,gruyre cheese,0.03%,,,,,,,,,,
1,ground turmeric,0.03%,,,,,,,,,,
1,ground tomato,0.03%,,,,,,,,,,
1,ground cayenne pepper,0.03%,,,,,,,,,,
1,ground cardamom,0.03%,,,,,,,,,,
1,ground almonds,0.03%,,,,,,,,,,
1,grinder rolls,0.03%,,,,,,,,,,
1,grey salt,0.03%,,,,,,,,,,
1,grenadine,0.03%,,,,,,,,,,
1,green soybeans,0.03%,,,,,,,,,,
1,green pea,0.03%,,,,,,,,,,
1,green garlic,0.03%,,,,,,,,,,
1,green chile,0.03%,,,,,,,,,,
1,green cardamom pods,0.03%,,,,,,,,,,
1,greek yogurt,0.03%,,,,,,,,,,
1,great northern bean,0.03%,,,,,,,,,,
1,gray salt,0.03%,,,,,,,,,,
1,gravy mix,0.03%,,,,,,,,,,
1,gravy,0.03%,,,,,,,,,,
1,grating cheese,0.03%,,,,,,,,,,
1,grated orange peel,0.03%,,,,,,,,,,
1,grated montasio,0.03%,,,,,,,,,,
1,grated lemon peel,0.03%,,,,,,,,,,
1,grapefruit,0.03%,,,,,,,,,,
1,grape jelly,0.03%,,,,,,,,,,
1,granulated garlic,0.03%,,,,,,,,,,
1,granny smith apples,0.03%,,,,,,,,,,
1,grand marnier,0.03%,,,,,,,,,,
1,grana padano,0.03%,,,,,,,,,,
1,graham cracker crust,0.03%,,,,,,,,,,
1,graham cracker crumbs,0.03%,,,,,,,,,,
1,golden delicious apple,0.03%,,,,,,,,,,
1,gluten-free stock,0.03%,,,,,,,,,,
1,gluten-free pizza crusts,0.03%,,,,,,,,,,
1,gluten-free broth,0.03%,,,,,,,,,,
1,glaze,0.03%,,,,,,,,,,
1,glace cherries,0.03%,,,,,,,,,,
1,gingerroot,0.03%,,,,,,,,,,
1,garlic flakes,0.03%,,,,,,,,,,
1,garlic bulb,0.03%,,,,,,,,,,
1,garlic and herb seasoning,0.03%,,,,,,,,,,
1,garam masala,0.03%,,,,,,,,,,
1,gaeta olives,0.03%,,,,,,,,,,
1,fully cooked ham,0.03%,,,,,,,,,,
1,fudge,0.03%,,,,,,,,,,
1,fryer chickens,0.03%,,,,,,,,,,
1,fruit puree,0.03%,,,,,,,,,,
1,fruit,0.03%,,,,,,,,,,
1,frozen whipped topping,0.03%,,,,,,,,,,
1,frozen peas and carrots,0.03%,,,,,,,,,,
1,frozen non dairy whipped topping,0.03%,,,,,,,,,,
1,frozen limeade,0.03%,,,,,,,,,,
1,frozen cod fillets,0.03%,,,,,,,,,,
1,frosting,0.03%,,,,,,,,,,
1,fresh spinach leaves,0.03%,,,,,,,,,,
1,fresh onion,0.03%,,,,,,,,,,
1,fresh lemons,0.03%,,,,,,,,,,
1,fresh lemon,0.03%,,,,,,,,,,
1,fresh lavender,0.03%,,,,,,,,,,
1,fresh ham,0.03%,,,,,,,,,,
1,fresh cranberry beans,0.03%,,,,,,,,,,
1,fresh chevre,0.03%,,,,,,,,,,
1,fresh bread crumbs,0.03%,,,,,,,,,,
1,fresh blueberries,0.03%,,,,,,,,,,
1,fresh bacon,0.03%,,,,,,,,,,
1,french rolls,0.03%,,,,,,,,,,
1,fregula,0.03%,,,,,,,,,,
1,frangelico,0.03%,,,,,,,,,,
1,framboise,0.03%,,,,,,,,,,
1,foccacia,0.03%,,,,,,,,,,
1,flaxseeds,0.03%,,,,,,,,,,
1,flavoring extracts,0.03%,,,,,,,,,,
1,flavoring,0.03%,,,,,,,,,,
1,flavored oil,0.03%,,,,,,,,,,
1,flavor,0.03%,,,,,,,,,,
1,flatbread,0.03%,,,,,,,,,,
1,flat leaf spinach,0.03%,,,,,,,,,,
1,fish sticks,0.03%,,,,,,,,,,
1,firm silken tofu,0.03%,,,,,,,,,,
1,finely chopped onions,0.03%,,,,,,,,,,
1,fillet,0.03%,,,,,,,,,,
1,fig,0.03%,,,,,,,,,,
1,fenugreek leaves,0.03%,,,,,,,,,,
1,fat-free mayonnaise,0.03%,,,,,,,,,,
1,fat-free low-sodium chicken broth,0.03%,,,,,,,,,,
1,fat-free italian salad dressing,0.03%,,,,,,,,,,
1,fat-free evaporated milk,0.03%,,,,,,,,,,
1,fat-free cheddar cheese,0.03%,,,,,,,,,,
1,fat free low sodium chicken broth,0.03%,,,,,,,,,,
1,fat free less sodium chicken broth,0.03%,,,,,,,,,,
1,fat free less sodium beef broth,0.03%,,,,,,,,,,
1,fat free italian salad dressing,0.03%,,,,,,,,,,
1,fat free cottage cheese,0.03%,,,,,,,,,,
1,fat free chicken broth,0.03%,,,,,,,,,,
1,fast-rising active dry yeast,0.03%,,,,,,,,,,
1,fast rising yeast,0.03%,,,,,,,,,,
1,eye steaks,0.03%,,,,,,,,,,
1,eye of round steak,0.03%,,,,,,,,,,
1,extra,0.03%,,,,,,,,,,
1,exotic,0.03%,,,,,,,,,,
1,evaporated skim milk,0.03%,,,,,,,,,,
1,evaporated milk,0.03%,,,,,,,,,,
1,equipment,0.03%,,,,,,,,,,
1,enoki mushroom,0.03%,,,,,,,,,,
1,english muffins,0.03%,,,,,,,,,,
1,endive,0.03%,,,,,,,,,,
1,egg pasta,0.03%,,,,,,,,,,
1,edible gold dust,0.03%,,,,,,,,,,
1,edamame,0.03%,,,,,,,,,,
1,eau de vie,0.03%,,,,,,,,,,
1,dungeness crabs,0.03%,,,,,,,,,,
1,dungeness crab,0.03%,,,,,,,,,,
1,duck,0.03%,,,,,,,,,,
1,dry milk powder,0.03%,,,,,,,,,,
1,dry lasagna,0.03%,,,,,,,,,,
1,dry fettuccine,0.03%,,,,,,,,,,
1,dried thyme leaves,0.03%,,,,,,,,,,
1,dried tart cherries,0.03%,,,,,,,,,,
1,dried tagliatelle,0.03%,,,,,,,,,,
1,dried rigatoni,0.03%,,,,,,,,,,
1,dried oregano leaves,0.03%,,,,,,,,,,
1,dried minced onion,0.03%,,,,,,,,,,
1,dried chiles,0.03%,,,,,,,,,,
1,dried beans,0.03%,,,,,,,,,,
1,dried arbol chile,0.03%,,,,,,,,,,
1,dried apple,0.03%,,,,,,,,,,
1,dried ancho chile,0.03%,,,,,,,,,,
1,dinosaur kale,0.03%,,,,,,,,,,
1,dill pickle,0.03%,,,,,,,,,,
1,dill,0.03%,,,,,,,,,,
1,diced tomato,0.03%,,,,,,,,,,
1,dessert topping,0.03%,,,,,,,,,,
1,deli turkey,0.03%,,,,,,,,,,
1,deli rolls,0.03%,,,,,,,,,,
1,deli roast beef,0.03%,,,,,,,,,,
1,day old bread,0.03%,,,,,,,,,,
1,dark meat,0.03%,,,,,,,,,,
1,dandelion greens,0.03%,,,,,,,,,,
1,cut up cooked chicken,0.03%,,,,,,,,,,
1,currants,0.03%,,,,,,,,,,
1,cumin seeds,0.03%,,,,,,,,,,
1,cucuzza,0.03%,,,,,,,,,,
1,cucumbers,0.03%,,,,,,,,,,
1,cube steaks,0.03%,,,,,,,,,,
1,cube steak,0.03%,,,,,,,,,,
1,crusty sandwich rolls,0.03%,,,,,,,,,,
1,crusts,0.03%,,,,,,,,,,
1,crushed saltines,0.03%,,,,,,,,,,
1,croissants,0.03%,,,,,,,,,,
1,crisps,0.03%,,,,,,,,,,
1,crisp,0.03%,,,,,,,,,,
1,crisco,0.03%,,,,,,,,,,
1,crepes,0.03%,,,,,,,,,,
1,cremini,0.03%,,,,,,,,,,
1,creme de cacao,0.03%,,,,,,,,,,
1,creme anglaise,0.03%,,,,,,,,,,
1,cream style cottage cheese,0.03%,,,,,,,,,,
1,crawfish,0.03%,,,,,,,,,,
1,cranberry sauce,0.03%,,,,,,,,,,
1,cranberry juice,0.03%,,,,,,,,,,
1,cranberry beans,0.03%,,,,,,,,,,
1,cracker pie crust,0.03%,,,,,,,,,,
1,cracker,0.03%,,,,,,,,,,
1,crab boil,0.03%,,,,,,,,,,
1,courgettes,0.03%,,,,,,,,,,
1,country style italian bread,0.03%,,,,,,,,,,
1,country loaf,0.03%,,,,,,,,,,
1,cornish game hens,0.03%,,,,,,,,,,
1,cornflake crumbs,0.03%,,,,,,,,,,
1,corn tortillas,0.03%,,,,,,,,,,
1,corn syrup,0.03%,,,,,,,,,,
1,corkscrew pasta,0.03%,,,,,,,,,,
1,cooking sherry,0.03%,,,,,,,,,,
1,cooked lasagna noodles,0.03%,,,,,,,,,,
1,cooked deli ham,0.03%,,,,,,,,,,
1,converted rice,0.03%,,,,,,,,,,
1,compote,0.03%,,,,,,,,,,
1,collard greens,0.03%,,,,,,,,,,
1,coleslaw mix,0.03%,,,,,,,,,,
1,cod,0.03%,,,,,,,,,,
1,coconut milk,0.03%,,,,,,,,,,
1,cocktail meatballs,0.03%,,,,,,,,,,
1,coarse-grain salt,0.03%,,,,,,,,,,
1,clarified butter,0.03%,,,,,,,,,,
1,cinnamon sugar,0.03%,,,,,,,,,,
1,cinnamon sticks,0.03%,,,,,,,,,,
1,ciabatta bread,0.03%,,,,,,,,,,
1,chutney,0.03%,,,,,,,,,,
1,chunky style pasta sauce,0.03%,,,,,,,,,,
1,chuck steak,0.03%,,,,,,,,,,
1,chorizo sausage,0.03%,,,,,,,,,,
1,chopped fresh cilantro,0.03%,,,,,,,,,,
1,chocolate wafer crumbs,0.03%,,,,,,,,,,
1,chocolate wafer cookies,0.03%,,,,,,,,,,
1,chocolate syrup,0.03%,,,,,,,,,,
1,chocolate sandwich cookies,0.03%,,,,,,,,,,
1,chocolate leaves,0.03%,,,,,,,,,,
1,chocolate ice cream,0.03%,,,,,,,,,,
1,chocolate covered espresso beans,0.03%,,,,,,,,,,
1,chocolate cookies,0.03%,,,,,,,,,,
1,chocolate chip ice cream,0.03%,,,,,,,,,,
1,chipotle chiles in adobo sauce,0.03%,,,,,,,,,,
1,chinese eggplant,0.03%,,,,,,,,,,
1,chilies,0.03%,,,,,,,,,,
1,chili seasoning mix,0.03%,,,,,,,,,,
1,chili sauce,0.03%,,,,,,,,,,
1,chili paste,0.03%,,,,,,,,,,
1,chili oil,0.03%,,,,,,,,,,
1,chile paste,0.03%,,,,,,,,,,
1,chickpea,0.03%,,,,,,,,,,
1,chickens,0.03%,,,,,,,,,,
1,chicken-apple sausage,0.03%,,,,,,,,,,
1,chicken tenderloin,0.03%,,,,,,,,,,
1,chicken stuffing mix,0.03%,,,,,,,,,,
1,chicken leg,0.03%,,,,,,,,,,
1,chicken cutlet,0.03%,,,,,,,,,,
1,chicken breasts halved,0.03%,,,,,,,,,,
1,chicken apple sausage,0.03%,,,,,,,,,,
1,chick-pea,0.03%,,,,,,,,,,
1,chick peas,0.03%,,,,,,,,,,
1,chervil,0.03%,,,,,,,,,,
1,cherrystone clams,0.03%,,,,,,,,,,
1,cherry peppers,0.03%,,,,,,,,,,
1,cheddar cheese cubes,0.03%,,,,,,,,,,
1,chardonnay,0.03%,,,,,,,,,,
1,chard,0.03%,,,,,,,,,,
1,chanterelles,0.03%,,,,,,,,,,
1,chanterelle,0.03%,,,,,,,,,,
1,challah,0.03%,,,,,,,,,,
1,center cut pork chops,0.03%,,,,,,,,,,
1,celery seed,0.03%,,,,,,,,,,
1,celery flakes,0.03%,,,,,,,,,,
1,cavatappi,0.03%,,,,,,,,,,
1,catsup,0.03%,,,,,,,,,,
1,caribbean jerk seasoning,0.03%,,,,,,,,,,
1,caramel topping,0.03%,,,,,,,,,,
1,caponata,0.03%,,,,,,,,,,
1,caper berries,0.03%,,,,,,,,,,
1,cantaloupes,0.03%,,,,,,,,,,
1,cannellini bean,0.03%,,,,,,,,,,
1,canned salmon,0.03%,,,,,,,,,,
1,canned low sodium chicken broth,0.03%,,,,,,,,,,
1,canned coconut milk,0.03%,,,,,,,,,,
1,candied lemon peel,0.03%,,,,,,,,,,
1,candied fruit,0.03%,,,,,,,,,,
1,candied cherries,0.03%,,,,,,,,,,
1,can tomatoes,0.03%,,,,,,,,,,
1,campanelle,0.03%,,,,,,,,,,
1,calimyrna figs,0.03%,,,,,,,,,,
1,california bay leaf,0.03%,,,,,,,,,,
1,calf's liver,0.03%,,,,,,,,,,
1,cajun seasoning,0.03%,,,,,,,,,,
1,caesar salad dressing,0.03%,,,,,,,,,,
1,caciocavallo,0.03%,,,,,,,,,,
1,cabernet sauvignon,0.03%,,,,,,,,,,
1,butternut,0.03%,,,,,,,,,,
1,butter oil,0.03%,,,,,,,,,,
1,butter beans,0.03%,,,,,,,,,,
1,burger style crumbles,0.03%,,,,,,,,,,
1,bulk italian sausage,0.03%,,,,,,,,,,
1,browns,0.03%,,,,,,,,,,
1,brownie mix,0.03%,,,,,,,,,,
1,brown lentils,0.03%,,,,,,,,,,
1,brown gravy,0.03%,,,,,,,,,,
1,broiler chicken,0.03%,,,,,,,,,,
1,broccoli floret,0.03%,,,,,,,,,,
1,brine cured green olives,0.03%,,,,,,,,,,
1,brie,0.03%,,,,,,,,,,
1,bresaola,0.03%,,,,,,,,,,
1,breasts,0.03%,,,,,,,,,,
1,breast halves,0.03%,,,,,,,,,,
1,breads,0.03%,,,,,,,,,,
1,bouillon cube,0.03%,,,,,,,,,,
1,bottled peperoncini,0.03%,,,,,,,,,,
1,bottled italian dressing,0.03%,,,,,,,,,,
1,boston butt,0.03%,,,,,,,,,,
1,bosc pears,0.03%,,,,,,,,,,
1,bosc pear,0.03%,,,,,,,,,,
1,borlotti beans,0.03%,,,,,,,,,,
1,boneless skinless chicken breast,0.03%,,,,,,,,,,
1,boneless chicken,0.03%,,,,,,,,,,
1,boneless beef chuck roast,0.03%,,,,,,,,,,
1,boiled potatoes,0.03%,,,,,,,,,,
1,boiled egg,0.03%,,,,,,,,,,
1,blueberries,0.03%,,,,,,,,,,
1,blue cheese dressing,0.03%,,,,,,,,,,
1,blackening seasoning,0.03%,,,,,,,,,,
1,black-eyed pea,0.03%,,,,,,,,,,
1,black sesame seeds,0.03%,,,,,,,,,,
1,black forest ham,0.03%,,,,,,,,,,
1,black cod,0.03%,,,,,,,,,,
1,black beans,0.03%,,,,,,,,,,
1,bitters,0.03%,,,,,,,,,,
1,bisquick,0.03%,,,,,,,,,,
1,berry,0.03%,,,,,,,,,,
1,beef tenderloin,0.03%,,,,,,,,,,
1,beef round,0.03%,,,,,,,,,,
1,beef bouillon granules,0.03%,,,,,,,,,,
1,bechamel,0.03%,,,,,,,,,,
1,beaten egg,0.03%,,,,,,,,,,
1,bean sprouts,0.03%,,,,,,,,,,
1,bean,0.03%,,,,,,,,,,
1,bay shrimp,0.03%,,,,,,,,,,
1,bay scallop,0.03%,,,,,,,,,,
1,basmati rice,0.03%,,,,,,,,,,
1,barbecue sauce,0.03%,,,,,,,,,,
1,banana peppers,0.03%,,,,,,,,,,
1,balsamic vinaigrette salad dressing,0.03%,,,,,,,,,,
1,balsamic glaze,0.03%,,,,,,,,,,
1,baked potatoes,0.03%,,,,,,,,,,
1,baked ham,0.03%,,,,,,,,,,
1,bagels,0.03%,,,,,,,,,,
1,bacon slices,0.03%,,,,,,,,,,
1,baccala,0.03%,,,,,,,,,,
1,baby portobello mushrooms,0.03%,,,,,,,,,,
1,baby lima beans,0.03%,,,,,,,,,,
1,baby eggplant,0.03%,,,,,,,,,,
1,aubergines,0.03%,,,,,,,,,,
1,apricot preserves,0.03%,,,,,,,,,,
1,apricot jam,0.03%,,,,,,,,,,
1,apple jelly,0.03%,,,,,,,,,,
1,apple cider vinegar,0.03%,,,,,,,,,,
1,apple butter,0.03%,,,,,,,,,,
1,anjou pears,0.03%,,,,,,,,,,
1,anisette,0.03%,,,,,,,,,,
1,angostura bitters,0.03%,,,,,,,,,,
1,angel hair,0.03%,,,,,,,,,,
1,angel food cake,0.03%,,,,,,,,,,
1,ancho chile pepper,0.03%,,,,,,,,,,
1,anaheim chile,0.03%,,,,,,,,,,
1,almond milk,0.03%,,,,,,,,,,
1,almond,0.03%,,,,,,,,,,
1,allspice,0.03%,,,,,,,,,,
1,alfredo sauce mix,0.03%,,,,,,,,,,
1,albacore tuna in water,0.03%,,,,,,,,,,
1,al,0.03%,,,,,,,,,,
1,acini di pepe,0.03%,,,,,,,,,,
1,abbamele,0.03%,,,,,,,,,,
1,Ranch Style Beans,0.03%,,,,,,,,,,
1,Philadelphia Cream Cheese,0.03%,,,,,,,,,,
1,Kraft Grated Parmesan Cheese,0.03%,,,,,,,,,,
1,KRAFT Grated Parmesan Cheese,0.03%,,,,,,,,,,
1,Grey Poupon Dijon Mustard,0.03%,,,,,,,,,,
1,Bisquick Baking Mix,0.03%,,,,,,,,,,
1,% low-fat cottage cheese,0.03%,,,,,,,,,,
1,% low fat milk,0.03%,,,,,,,,,,
1,( oz.) frozen chopped spinach,0.03%,,,,,,,,,,
1, thawed and squeezed dry,0.03%,,,,,,,,,,
1, skinless chicken thighs,0.03%,,,,,,,,,,
1, skinless chicken breast,0.03%,,,,,,,,,,
1, scrubbed well,0.03%,,,,,,,,,,
1, finely chopped,0.03%,,,,,,,,,,
1, drained,0.03%,,,,,,,,,,
1, divided,0.03%,,,,,,,,,,
1, crushed,0.03%,,,,,,,,,,
1,inch thick,0.03%,,,,,,,,,,
,,,,,,,,,,,,
,,,,,,,,,,,,
,,,,,,,,,,,,
,,,,,,,,,,,,
,,,,,,,,,,,,
,,,,,,,,,,,,
,,,,,,,,,,,,
,,,,,,,,,,,,
,,,,,,,,,,,,
,,,,,,,,,,,,
,,,,,,,,,,,,
,,,,,,,,,,,,
,,,,,,,,,,,,
,,,,,,,,,,,,
,,,,,,,,,,,,
,,,,,,,,,,,,
,,,,,,,,,,,,
,,,,,,,,,,,,
,,,,,,,,,,,,
,,,,,,,,,,,,
,,,,,,,,,,,,
,,,,,,,,,,,,
,,,,,,,,,,,,
,,,,,,,,,,,,
,,,,,,,,,,,,
,,,,,,,,,,,,
,,,,,,,,,,,,
,,,,,,,,,,,,
,,,,,,,,,,,,
,,,,,,,,,,,,
,,,,,,,,,,,,
,,,,,,,,,,,,
,,,,,,,,,,,,
,,,,,,,,,,,,
,,,,,,,,,,,,
,,,,,,,,,,,,
,,,,,,,,,,,,
,,,,,,,,,,,,
,,,,,,,,,,,,
,,,,,,,,,,,,
,,,,,,,,,,,,
,,,,,,,,,,,,
,,,,,,,,,,,,
,,,,,,,,,,,,
,,,,,,,,,,,,
,,,,,,,,,,,,
,,,,,,,,,,,,
,,,,,,,,,,,,
,,,,,,,,,,,,
,,,,,,,,,,,,
,,,,,,,,,,,,
,,,,,,,,,,,,
,,,,,,,,,,,,
,,,,,,,,,,,,
,,,,,,,,,,,,
,,,,,,,,,,,,
,,,,,,,,,,,,
,,,,,,,,,,,,
,,,,,,,,,,,,
,,,,,,,,,,,,
,,,,,,,,,,,,
,,,,,,,,,,,,
,,,,,,,,,,,,
,,,,,,,,,,,,
,,,,,,,,,,,,
,,,,,,,,,,,,
,,,,,,,,,,,,
,,,,,,,,,,,,
,,,,,,,,,,,,
,,,,,,,,,,,,
,,,,,,,,,,,,
,,,,,,,,,,,,
,,,,,,,,,,,,
,,,,,,,,,,,,
,,,,,,,,,,,,
,,,,,,,,,,,,
,,,,,,,,,,,,
,,,,,,,,,,,,
,,,,,,,,,,,,
,,,,,,,,,,,,
,,,,,,,,,,,,
,,,,,,,,,,,,
,,,,,,,,,,,,
,,,,,,,,,,,,
,,,,,,,,,,,,
,,,,,,,,,,,,
,,,,,,,,,,,,
,,,,,,,,,,,,
,,,,,,,,,,,,
,,,,,,,,,,,,
,,,,,,,,,,,,
,,,,,,,,,,,,
,,,,,,,,,,,,
,,,,,,,,,,,,
,,,,,,,,,,,,
,,,,,,,,,,,,
,,,,,,,,,,,,
,,,,,,,,,,,,
,,,,,,,,,,,,
,,,,,,,,,,,,
,,,,,,,,,,,,
,,,,,,,,,,,,
,,,,,,,,,,,,
,,,,,,,,,,,,
,,,,,,,,,,,,
,,,,,,,,,,,,
,,,,,,,,,,,,
,,,,,,,,,,,,
,,,,,,,,,,,,
,,,,,,,,,,,,
,,,,,,,,,,,,
,,,,,,,,,,,,
,,,,,,,,,,,,
,,,,,,,,,,,,
,,,,,,,,,,,,
,,,,,,,,,,,,
,,,,,,,,,,,,
,,,,,,,,,,,,
,,,,,,,,,,,,
,,,,,,,,,,,,
,,,,,,,,,,,,
,,,,,,,,,,,,
,,,,,,,,,,,,
,,,,,,,,,,,,
,,,,,,,,,,,,
,,,,,,,,,,,,
,,,,,,,,,,,,
,,,,,,,,,,,,
,,,,,,,,,,,,
,,,,,,,,,,,,
,,,,,,,,,,,,
,,,,,,,,,,,,
,,,,,,,,,,,,
,,,,,,,,,,,,
,,,,,,,,,,,,
,,,,,,,,,,,,
,,,,,,,,,,,,
,,,,,,,,,,,,
,,,,,,,,,,,,
,,,,,,,,,,,,
,,,,,,,,,,,,
,,,,,,,,,,,,
,,,,,,,,,,,,
,,,,,,,,,,,,
,,,,,,,,,,,,
,,,,,,,,,,,,
,,,,,,,,,,,,
,,,,,,,,,,,,
,,,,,,,,,,,,
,,,,,,,,,,,,
,,,,,,,,,,,,
,,,,,,,,,,,,
,,,,,,,,,,,,
,,,,,,,,,,,,
,,,,,,,,,,,,
,,,,,,,,,,,,
,,,,,,,,,,,,
,,,,,,,,,,,,
,,,,,,,,,,,,
,,,,,,,,,,,,
,,,,,,,,,,,,
,,,,,,,,,,,,
,,,,,,,,,,,,
,,,,,,,,,,,,
,,,,,,,,,,,,
,,,,,,,,,,,,
,,,,,,,,,,,,
,,,,,,,,,,,,
,,,,,,,,,,,,
,,,,,,,,,,,,
,,,,,,,,,,,,
,,,,,,,,,,,,
,,,,,,,,,,,,
,,,,,,,,,,,,
,,,,,,,,,,,,
,,,,,,,,,,,,
,,,,,,,,,,,,
,,,,,,,,,,,,
,,,,,,,,,,,,
,,,,,,,,,,,,
,,,,,,,,,,,,
,,,,,,,,,,,,
,,,,,,,,,,,,
,,,,,,,,,,,,
,,,,,,,,,,,,
,,,,,,,,,,,,
,,,,,,,,,,,,
,,,,,,,,,,,,
,,,,,,,,,,,,
,,,,,,,,,,,,
,,,,,,,,,,,,
,,,,,,,,,,,,
,,,,,,,,,,,,
,,,,,,,,,,,,
,,,,,,,,,,,,
,,,,,,,,,,,,
,,,,,,,,,,,,
,,,,,,,,,,,,
,,,,,,,,,,,,
,,,,,,,,,,,,
,,,,,,,,,,,,
,,,,,,,,,,,,
,,,,,,,,,,,,
,,,,,,,,,,,,
,,,,,,,,,,,,
,,,,,,,,,,,,
,,,,,,,,,,,,
,,,,,,,,,,,,
,,,,,,,,,,,,
,,,,,,,,,,,,
,,,,,,,,,,,,
,,,,,,,,,,,,
,,,,,,,,,,,,
,,,,,,,,,,,,
,,,,,,,,,,,,
,,,,,,,,,,,,
,,,,,,,,,,,,
,,,,,,,,,,,,
,,,,,,,,,,,,
,,,,,,,,,,,,
,,,,,,,,,,,,
,,,,,,,,,,,,
,,,,,,,,,,,,
,,,,,,,,,,,,
,,,,,,,,,,,,
,,,,,,,,,,,,
,,,,,,,,,,,,
,,,,,,,,,,,,
,,,,,,,,,,,,
,,,,,,,,,,,,
,,,,,,,,,,,,
,,,,,,,,,,,,
,,,,,,,,,,,,
,,,,,,,,,,,,
,,,,,,,,,,,,
,,,,,,,,,,,,
,,,,,,,,,,,,
,,,,,,,,,,,,
,,,,,,,,,,,,
,,,,,,,,,,,,
,,,,,,,,,,,,
,,,,,,,,,,,,
,,,,,,,,,,,,
,,,,,,,,,,,,
,,,,,,,,,,,,
,,,,,,,,,,,,
,,,,,,,,,,,,
,,,,,,,,,,,,
,,,,,,,,,,,,
,,,,,,,,,,,,
,,,,,,,,,,,,
,,,,,,,,,,,,
,,,,,,,,,,,,
,,,,,,,,,,,,
,,,,,,,,,,,,
,,,,,,,,,,,,
,,,,,,,,,,,,
,,,,,,,,,,,,
,,,,,,,,,,,,
,,,,,,,,,,,,
,,,,,,,,,,,,
,,,,,,,,,,,,
,,,,,,,,,,,,
,,,,,,,,,,,,
,,,,,,,,,,,,
,,,,,,,,,,,,
,,,,,,,,,,,,
,,,,,,,,,,,,
,,,,,,,,,,,,
,,,,,,,,,,,,
,,,,,,,,,,,,
,,,,,,,,,,,,
,,,,,,,,,,,,
,,,,,,,,,,,,
,,,,,,,,,,,,
,,,,,,,,,,,,
,,,,,,,,,,,,
,,,,,,,,,,,,
,,,,,,,,,,,,
,,,,,,,,,,,,
,,,,,,,,,,,,
,,,,,,,,,,,,
,,,,,,,,,,,,
,,,,,,,,,,,,
,,,,,,,,,,,,
,,,,,,,,,,,,
,,,,,,,,,,,,
,,,,,,,,,,,,
,,,,,,,,,,,,
,,,,,,,,,,,,
,,,,,,,,,,,,
,,,,,,,,,,,,
,,,,,,,,,,,,
,,,,,,,,,,,,
,,,,,,,,,,,,
,,,,,,,,,,,,
,,,,,,,,,,,,
,,,,,,,,,,,,
,,,,,,,,,,,,
,,,,,,,,,,,,
,,,,,,,,,,,,
,,,,,,,,,,,,
,,,,,,,,,,,,
,,,,,,,,,,,,
,,,,,,,,,,,,
,,,,,,,,,,,,
,,,,,,,,,,,,
,,,,,,,,,,,,
,,,,,,,,,,,,
,,,,,,,,,,,,
,,,,,,,,,,,,
,,,,,,,,,,,,
,,,,,,,,,,,,
,,,,,,,,,,,,
,,,,,,,,,,,,
,,,,,,,,,,,,
,,,,,,,,,,,,
,,,,,,,,,,,,
,,,,,,,,,,,,
,,,,,,,,,,,,
,,,,,,,,,,,,
,,,,,,,,,,,,
,,,,,,,,,,,,
,,,,,,,,,,,,
,,,,,,,,,,,,
,,,,,,,,,,,,
,,,,,,,,,,,,
,,,,,,,,,,,,
,,,,,,,,,,,,
,,,,,,,,,,,,
,,,,,,,,,,,,
,,,,,,,,,,,,
,,,,,,,,,,,,
,,,,,,,,,,,,
,,,,,,,,,,,,
,,,,,,,,,,,,
,,,,,,,,,,,,
,,,,,,,,,,,,
,,,,,,,,,,,,
,,,,,,,,,,,,
,,,,,,,,,,,,
,,,,,,,,,,,,
,,,,,,,,,,,,
,,,,,,,,,,,,
,,,,,,,,,,,,
,,,,,,,,,,,,
,,,,,,,,,,,,
,,,,,,,,,,,,
,,,,,,,,,,,,
,,,,,,,,,,,,
,,,,,,,,,,,,
,,,,,,,,,,,,
,,,,,,,,,,,,
,,,,,,,,,,,,
,,,,,,,,,,,,
,,,,,,,,,,,,
,,,,,,,,,,,,
,,,,,,,,,,,,
,,,,,,,,,,,,
,,,,,,,,,,,,
,,,,,,,,,,,,
,,,,,,,,,,,,
,,,,,,,,,,,,
,,,,,,,,,,,,
,,,,,,,,,,,,
,,,,,,,,,,,,
,,,,,,,,,,,,
,,,,,,,,,,,,
,,,,,,,,,,,,
,,,,,,,,,,,,
,,,,,,,,,,,,
,,,,,,,,,,,,
,,,,,,,,,,,,
,,,,,,,,,,,,
,,,,,,,,,,,,
,,,,,,,,,,,,
,,,,,,,,,,,,
,,,,,,,,,,,,
,,,,,,,,,,,,
,,,,,,,,,,,,
,,,,,,,,,,,,
,,,,,,,,,,,,
,,,,,,,,,,,,
,,,,,,,,,,,,
,,,,,,,,,,,,
,,,,,,,,,,,,
,,,,,,,,,,,,
,,,,,,,,,,,,
,,,,,,,,,,,,
,,,,,,,,,,,,
,,,,,,,,,,,,
,,,,,,,,,,,,
,,,,,,,,,,,,
,,,,,,,,,,,,
,,,,,,,,,,,,
,,,,,,,,,,,,
,,,,,,,,,,,,
,,,,,,,,,,,,
,,,,,,,,,,,,
,,,,,,,,,,,,
,,,,,,,,,,,,
,,,,,,,,,,,,
,,,,,,,,,,,,
,,,,,,,,,,,,
,,,,,,,,,,,,
,,,,,,,,,,,,
,,,,,,,,,,,,
,,,,,,,,,,,,
,,,,,,,,,,,,
,,,,,,,,,,,,
,,,,,,,,,,,,
,,,,,,,,,,,,
,,,,,,,,,,,,
,,,,,,,,,,,,
,,,,,,,,,,,,
,,,,,,,,,,,,
,,,,,,,,,,,,
,,,,,,,,,,,,
,,,,,,,,,,,,
,,,,,,,,,,,,
,,,,,,,,,,,,
,,,,,,,,,,,,
,,,,,,,,,,,,
,,,,,,,,,,,,
,,,,,,,,,,,,
,,,,,,,,,,,,
,,,,,,,,,,,,
,,,,,,,,,,,,
,,,,,,,,,,,,
,,,,,,,,,,,,
,,,,,,,,,,,,
,,,,,,,,,,,,
,,,,,,,,,,,,
,,,,,,,,,,,,
,,,,,,,,,,,,
,,,,,,,,,,,,
,,,,,,,,,,,,
,,,,,,,,,,,,
,,,,,,,,,,,,
,,,,,,,,,,,,
,,,,,,,,,,,,
,,,,,,,,,,,,
,,,,,,,,,,,,
,,,,,,,,,,,,
,,,,,,,,,,,,
,,,,,,,,,,,,
,,,,,,,,,,,,
,,,,,,,,,,,,
,,,,,,,,,,,,
,,,,,,,,,,,,
,,,,,,,,,,,,
,,,,,,,,,,,,
,,,,,,,,,,,,
,,,,,,,,,,,,
,,,,,,,,,,,,
,,,,,,,,,,,,
,,,,,,,,,,,,
,,,,,,,,,,,,
,,,,,,,,,,,,
,,,,,,,,,,,,
,,,,,,,,,,,,
,,,,,,,,,,,,
,,,,,,,,,,,,
,,,,,,,,,,,,
,,,,,,,,,,,,
,,,,,,,,,,,,
,,,,,,,,,,,,
,,,,,,,,,,,,
,,,,,,,,,,,,
,,,,,,,,,,,,
,,,,,,,,,,,,
,,,,,,,,,,,,
,,,,,,,,,,,,
,,,,,,,,,,,,
,,,,,,,,,,,,
,,,,,,,,,,,,
,,,,,,,,,,,,
,,,,,,,,,,,,
,,,,,,,,,,,,
,,,,,,,,,,,,
,,,,,,,,,,,,
,,,,,,,,,,,,
,,,,,,,,,,,,
,,,,,,,,,,,,
,,,,,,,,,,,,
,,,,,,,,,,,,
,,,,,,,,,,,,
,,,,,,,,,,,,
,,,,,,,,,,,,
,,,,,,,,,,,,
,,,,,,,,,,,,
,,,,,,,,,,,,
,,,,,,,,,,,,
,,,,,,,,,,,,
,,,,,,,,,,,,
,,,,,,,,,,,,
,,,,,,,,,,,,
,,,,,,,,,,,,
,,,,,,,,,,,,
,,,,,,,,,,,,
,,,,,,,,,,,,
,,,,,,,,,,,,
,,,,,,,,,,,,
,,,,,,,,,,,,
,,,,,,,,,,,,
,,,,,,,,,,,,
,,,,,,,,,,,,
,,,,,,,,,,,,
,,,,,,,,,,,,
,,,,,,,,,,,,
,,,,,,,,,,,,
,,,,,,,,,,,,
,,,,,,,,,,,,
,,,,,,,,,,,,
,,,,,,,,,,,,
,,,,,,,,,,,,
,,,,,,,,,,,,